user	cluster
1	1	0
2	10	1
3	100	1
4	1000	1
5	1001	0
6	1002	0
7	1003	1
8	1004	0
9	1005	0
10	1007	0
11	1008	0
12	1009	6
13	101	1
14	1010	4
15	1011	0
16	1012	0
17	1013	0
18	1014	0
19	1016	2
20	1017	0
21	1018	1
22	1019	6
23	1021	5
24	1022	1
25	1023	4
26	1024	1
27	1025	0
28	1026	1
29	1027	1
30	1028	1
31	1029	0
32	103	0
33	1030	1
34	1031	0
35	1032	1
36	1033	1
37	1034	1
38	1035	0
39	1036	0
40	1037	0
41	1038	0
42	1039	1
43	104	0
44	1040	0
45	1041	0
46	1043	1
47	1044	0
48	1046	0
49	1047	0
50	1048	2
51	1049	0
52	1050	0
53	1051	1
54	1052	2
55	1053	1
56	1054	0
57	1055	1
58	1056	5
59	1057	1
60	1058	0
61	1059	0
62	106	1
63	1061	1
64	1062	1
65	1063	1
66	1064	0
67	1065	1
68	1066	1
69	1067	0
70	1068	5
71	1069	2
72	107	1
73	1070	0
74	1071	0
75	1072	1
76	1073	0
77	1074	3
78	1075	0
79	1076	1
80	1077	0
81	1078	0
82	1079	3
83	108	1
84	1080	0
85	1081	0
86	1082	6
87	1083	1
88	1084	0
89	1085	1
90	1086	1
91	1087	2
92	1088	1
93	1089	0
94	109	1
95	1091	0
96	1092	1
97	1093	1
98	1094	3
99	1095	5
100	1096	1
101	1097	6
102	1098	0
103	1099	1
104	11	1
105	110	1
106	1100	0
107	1101	1
108	1103	0
109	1104	1
110	1105	0
111	1107	0
112	1108	0
113	1109	0
114	111	0
115	1110	1
116	1111	1
117	1112	1
118	1113	4
119	1114	0
120	1115	1
121	1116	1
122	1117	0
123	1119	3
124	112	0
125	1121	0
126	1122	0
127	1123	1
128	1124	1
129	1125	0
130	1126	1
131	1127	0
132	1128	0
133	1129	0
134	113	4
135	1130	0
136	1131	1
137	1132	0
138	1133	4
139	1134	0
140	1135	1
141	1137	0
142	1138	1
143	114	0
144	1140	2
145	1141	1
146	1142	1
147	1143	0
148	1145	1
149	1146	0
150	1147	1
151	1148	1
152	1149	0
153	115	0
154	1150	0
155	1151	0
156	1152	1
157	1153	0
158	1154	0
159	1155	0
160	1156	0
161	1157	0
162	1158	0
163	1159	0
164	116	0
165	1160	1
166	1161	0
167	1162	0
168	1163	0
169	1164	0
170	1165	0
171	1166	1
172	1169	0
173	117	1
174	1170	1
175	1171	1
176	1172	1
177	1173	0
178	1175	0
179	1176	1
180	1177	1
181	1178	0
182	1179	2
183	118	3
184	1180	0
185	1181	1
186	1182	0
187	1183	0
188	1184	0
189	1185	2
190	1186	0
191	1188	1
192	1189	0
193	1190	0
194	1191	0
195	1192	0
196	1193	1
197	1194	0
198	1195	0
199	1197	1
200	1198	0
201	1199	1
202	12	4
203	120	3
204	1200	2
205	1201	1
206	1202	0
207	1203	0
208	1204	1
209	1206	1
210	1207	0
211	1208	0
212	1209	0
213	121	0
214	1210	0
215	1211	1
216	1215	0
217	1216	0
218	1217	0
219	1218	5
220	1219	0
221	122	0
222	1220	1
223	1221	0
224	1223	0
225	1224	0
226	1227	6
227	1228	0
228	1229	1
229	123	0
230	1230	1
231	1231	0
232	1232	1
233	1233	1
234	1234	0
235	1235	1
236	1236	0
237	1237	1
238	1239	1
239	1240	1
240	1241	0
241	1242	1
242	1243	1
243	1244	0
244	1245	0
245	1246	1
246	1247	0
247	1248	1
248	1249	0
249	125	4
250	1250	1
251	1252	0
252	1253	1
253	1254	1
254	1256	1
255	1257	0
256	1258	0
257	1259	0
258	126	0
259	1260	0
260	1261	0
261	1262	0
262	1263	4
263	1265	0
264	1266	4
265	1267	0
266	1268	0
267	1269	2
268	127	0
269	1270	0
270	1271	1
271	1272	0
272	1273	1
273	1274	0
274	1275	0
275	1276	1
276	1277	0
277	128	0
278	1280	1
279	1281	0
280	1282	1
281	1283	0
282	1285	0
283	1286	1
284	1287	0
285	1288	0
286	1289	0
287	129	0
288	1291	1
289	1292	0
290	1294	1
291	1295	0
292	1296	1
293	1299	1
294	13	6
295	130	1
296	1301	3
297	1302	0
298	1303	1
299	1304	0
300	1305	1
301	1306	5
302	1307	0
303	1308	1
304	1309	0
305	131	0
306	1310	0
307	1311	0
308	1313	0
309	1314	0
310	1315	0
311	1316	0
312	1318	0
313	1319	0
314	132	1
315	1320	0
316	1321	0
317	1322	0
318	1323	4
319	1324	0
320	1325	0
321	1326	5
322	1327	0
323	1328	0
324	1329	0
325	133	0
326	1330	1
327	1331	0
328	1332	0
329	1333	4
330	1334	0
331	1336	0
332	1337	0
333	1338	1
334	1339	4
335	134	1
336	1340	0
337	1341	0
338	1342	0
339	1343	0
340	1344	1
341	1345	0
342	1346	0
343	1347	1
344	1348	0
345	1349	1
346	135	1
347	1350	0
348	1351	1
349	1352	1
350	1353	4
351	1354	0
352	1355	1
353	1356	0
354	1357	0
355	1358	0
356	1359	0
357	136	0
358	1360	0
359	1361	1
360	1362	0
361	1363	0
362	1364	1
363	1365	0
364	1367	0
365	1368	0
366	1369	0
367	1370	0
368	1371	1
369	1372	0
370	1373	0
371	1374	0
372	1375	1
373	1376	1
374	1377	0
375	1378	1
376	138	0
377	1380	2
378	1381	4
379	1382	0
380	1384	1
381	1385	0
382	1386	1
383	1387	1
384	1388	0
385	1389	0
386	1390	1
387	1391	0
388	1392	0
389	1394	0
390	1395	1
391	1396	1
392	1397	0
393	1398	2
394	1399	1
395	14	1
396	140	0
397	1400	0
398	1401	1
399	1402	1
400	1403	0
401	1404	1
402	1406	1
403	1407	0
404	1408	0
405	1409	0
406	141	0
407	1410	0
408	1411	0
409	1412	0
410	1413	0
411	1414	1
412	1415	2
413	1416	1
414	1417	1
415	1418	3
416	1419	1
417	142	0
418	1420	0
419	1421	1
420	1422	0
421	1423	0
422	1424	0
423	1425	0
424	1426	4
425	1427	0
426	1428	0
427	1429	0
428	143	0
429	1430	0
430	1431	0
431	1432	1
432	1433	0
433	1434	1
434	1435	1
435	1436	1
436	1438	0
437	1439	1
438	144	0
439	1440	1
440	1441	1
441	1442	1
442	1443	0
443	1444	5
444	1446	0
445	1447	0
446	1448	0
447	145	0
448	1450	0
449	1451	4
450	1452	0
451	1453	0
452	1454	1
453	1455	1
454	1456	0
455	1457	0
456	1458	0
457	1459	1
458	146	1
459	1460	0
460	1461	0
461	1462	0
462	1463	0
463	1464	1
464	1465	1
465	1466	1
466	1467	1
467	1468	0
468	1469	0
469	147	0
470	1470	0
471	1471	1
472	1472	1
473	1473	0
474	1474	1
475	1475	1
476	1476	1
477	1477	1
478	1478	1
479	1479	0
480	148	1
481	1480	1
482	1481	0
483	1482	0
484	1483	0
485	1484	0
486	1485	1
487	1486	1
488	1487	4
489	1488	1
490	1489	1
491	149	1
492	1491	0
493	1492	0
494	1493	0
495	1494	2
496	1495	0
497	1496	0
498	1497	1
499	1498	1
500	1499	2
501	15	4
502	150	0
503	1500	1
504	1501	1
505	1502	0
506	1504	1
507	1505	1
508	1506	1
509	1507	0
510	1508	3
511	1509	1
512	151	3
513	1510	1
514	1511	1
515	1512	0
516	1513	0
517	1514	0
518	1515	5
519	1516	1
520	1517	1
521	1518	1
522	152	1
523	1520	0
524	1521	2
525	1522	1
526	1523	0
527	1524	0
528	1525	1
529	1526	1
530	1527	1
531	1528	1
532	1529	1
533	153	1
534	1530	1
535	1532	0
536	1533	0
537	1534	2
538	1535	0
539	1536	1
540	1537	0
541	1539	0
542	154	0
543	1542	1
544	1543	0
545	1546	1
546	1547	0
547	1548	0
548	1549	1
549	155	0
550	1550	0
551	1552	1
552	1553	2
553	1554	1
554	1555	1
555	1556	1
556	1557	0
557	1558	0
558	1559	0
559	156	4
560	1560	0
561	1561	4
562	1562	1
563	1563	0
564	1564	0
565	1565	1
566	1566	1
567	1567	3
568	1568	0
569	1569	0
570	157	0
571	1570	1
572	1571	0
573	1572	0
574	1573	0
575	1574	0
576	1575	0
577	1576	0
578	1577	0
579	1578	3
580	1579	1
581	158	1
582	1580	1
583	1581	1
584	1582	1
585	1583	4
586	1586	0
587	159	0
588	1591	1
589	1592	0
590	1593	1
591	1594	3
592	1595	1
593	1596	3
594	1597	0
595	1598	4
596	1599	0
597	16	1
598	160	1
599	1600	2
600	1601	1
601	1602	0
602	1604	0
603	1605	0
604	1606	1
605	1607	1
606	1608	0
607	1609	0
608	161	0
609	1610	0
610	1612	0
611	1613	0
612	1614	5
613	1615	0
614	1616	0
615	1617	1
616	1618	3
617	1619	0
618	162	0
619	1620	1
620	1621	4
621	1622	2
622	1623	0
623	1624	0
624	1625	1
625	1627	6
626	1628	0
627	1629	4
628	163	1
629	1630	5
630	1631	1
631	1632	0
632	1633	1
633	1634	2
634	1635	1
635	1636	0
636	1637	0
637	1638	0
638	1639	1
639	164	0
640	1640	0
641	1641	5
642	1642	1
643	1644	0
644	1645	0
645	1647	0
646	1649	1
647	165	0
648	1651	0
649	1652	0
650	1653	0
651	1654	1
652	1655	0
653	1656	0
654	1657	0
655	1658	0
656	1659	0
657	166	3
658	1660	1
659	1661	1
660	1662	4
661	1664	0
662	1665	0
663	1666	1
664	1668	3
665	1669	1
666	167	0
667	1670	0
668	1671	5
669	1672	1
670	1673	1
671	1674	0
672	1675	0
673	1676	1
674	1677	0
675	1678	0
676	1679	0
677	1680	0
678	1682	0
679	1683	0
680	1684	0
681	1685	0
682	1687	0
683	1688	0
684	1689	0
685	169	1
686	1690	0
687	1691	0
688	1692	5
689	1693	0
690	1694	1
691	1696	1
692	1697	1
693	1698	0
694	1699	1
695	17	1
696	170	0
697	1700	0
698	1701	1
699	1702	0
700	1703	0
701	1704	0
702	1705	0
703	1706	0
704	1707	0
705	1708	1
706	1709	0
707	171	1
708	1710	1
709	1711	3
710	1713	1
711	1714	0
712	1715	0
713	1716	1
714	1717	0
715	1718	0
716	1719	1
717	172	1
718	1720	0
719	1721	0
720	1722	0
721	1723	5
722	1724	0
723	1725	5
724	1726	0
725	1727	0
726	1728	0
727	173	0
728	1730	0
729	1731	0
730	1732	1
731	1733	0
732	1734	1
733	1735	0
734	1736	1
735	1737	6
736	1738	4
737	1739	0
738	174	0
739	1740	0
740	1741	0
741	1742	0
742	1743	0
743	1744	0
744	1746	0
745	1747	0
746	1748	0
747	1749	5
748	175	3
749	1750	6
750	1751	0
751	1752	1
752	1753	1
753	1755	0
754	1756	0
755	1757	1
756	1758	0
757	1759	2
758	176	0
759	1760	6
760	1761	0
761	1762	0
762	1763	1
763	1764	0
764	1767	1
765	1768	1
766	1769	0
767	177	1
768	1770	1
769	1771	2
770	1772	1
771	1773	0
772	1774	0
773	1776	1
774	1778	0
775	1779	5
776	178	0
777	1781	0
778	1782	0
779	1783	1
780	1784	0
781	1785	0
782	1786	2
783	1787	0
784	1788	3
785	1789	1
786	179	0
787	1790	0
788	1791	3
789	1792	1
790	1793	0
791	1794	0
792	1795	2
793	1796	0
794	1797	0
795	1798	0
796	1799	2
797	18	4
798	180	2
799	1800	1
800	1801	1
801	1802	0
802	1803	0
803	1804	0
804	1805	0
805	1806	0
806	1807	1
807	1809	0
808	181	0
809	1810	1
810	1811	1
811	1812	3
812	1813	1
813	1814	0
814	1815	1
815	1816	1
816	1817	1
817	1818	2
818	1819	0
819	182	0
820	1820	1
821	1821	0
822	1822	1
823	1823	0
824	1824	1
825	1825	1
826	1826	0
827	1827	0
828	1828	0
829	1829	0
830	183	0
831	1830	1
832	1831	1
833	1832	1
834	1833	1
835	1834	1
836	1836	3
837	1837	0
838	1838	1
839	1839	1
840	184	0
841	1840	1
842	1842	0
843	1843	0
844	1844	5
845	1845	0
846	1846	0
847	1847	0
848	1848	0
849	1849	0
850	185	1
851	1850	6
852	1851	4
853	1852	1
854	1853	0
855	1854	1
856	1855	0
857	1856	0
858	1857	0
859	1858	0
860	1859	1
861	186	0
862	1860	4
863	1861	0
864	1862	1
865	1863	1
866	1864	0
867	1865	1
868	1866	1
869	1867	3
870	1869	1
871	187	0
872	1870	0
873	1871	1
874	1872	0
875	1873	3
876	1874	0
877	1875	0
878	1876	4
879	1877	1
880	1878	0
881	1879	0
882	188	0
883	1880	4
884	1881	1
885	1882	0
886	1883	1
887	1884	5
888	1885	0
889	1886	0
890	1887	1
891	1888	1
892	1889	1
893	189	0
894	1890	1
895	1891	0
896	1892	0
897	1893	0
898	1894	0
899	1895	4
900	1896	1
901	1897	0
902	1898	4
903	1899	0
904	19	1
905	190	1
906	1900	3
907	1901	0
908	1902	0
909	1903	1
910	1904	6
911	1905	1
912	1906	1
913	1907	1
914	1908	0
915	1909	2
916	191	1
917	1910	0
918	1911	1
919	1913	0
920	1914	0
921	1915	0
922	1916	4
923	1917	0
924	1918	0
925	1919	0
926	192	0
927	1920	1
928	1921	0
929	1922	1
930	1923	0
931	1924	1
932	1925	0
933	1926	0
934	1927	0
935	1928	1
936	1929	1
937	193	0
938	1930	0
939	1931	0
940	1932	0
941	1933	0
942	1934	1
943	1936	1
944	1937	0
945	1938	4
946	1939	0
947	194	1
948	1940	0
949	1941	0
950	1942	0
951	1943	1
952	1944	1
953	1945	2
954	1946	0
955	1947	1
956	1948	0
957	1949	0
958	195	1
959	1950	5
960	1951	0
961	1952	1
962	1954	1
963	1955	1
964	1956	2
965	1957	1
966	1958	0
967	1959	1
968	196	1
969	1960	0
970	1961	0
971	1962	0
972	1963	1
973	1964	1
974	1965	4
975	1966	1
976	1967	1
977	1968	1
978	1969	3
979	197	1
980	1972	1
981	1974	1
982	1975	1
983	1976	0
984	1977	0
985	1978	1
986	1979	0
987	198	1
988	1980	1
989	1981	3
990	1982	0
991	1983	0
992	1984	1
993	1985	1
994	1986	1
995	1987	1
996	1989	0
997	199	0
998	1990	0
999	1991	0
1000	1992	0
1001	1993	1
1002	1994	0
1003	1995	1
1004	1996	0
1005	1997	0
1006	1999	0
1007	2	0
1008	20	5
1009	200	2
1010	2000	1
1011	2001	0
1012	2002	0
1013	2005	0
1014	2006	0
1015	2007	1
1016	2008	4
1017	2009	0
1018	201	5
1019	2010	1
1020	2011	0
1021	2012	0
1022	2013	1
1023	2014	0
1024	2015	5
1025	2016	0
1026	2017	1
1027	2018	1
1028	2019	1
1029	202	1
1030	2020	1
1031	2021	0
1032	2022	0
1033	2023	2
1034	2024	1
1035	2025	1
1036	2027	0
1037	2029	0
1038	203	0
1039	2031	2
1040	2032	4
1041	2033	0
1042	2034	0
1043	2035	1
1044	2036	0
1045	2038	0
1046	2039	1
1047	204	0
1048	2040	6
1049	2041	4
1050	2042	0
1051	2043	0
1052	2044	1
1053	2045	0
1054	2047	0
1055	2048	0
1056	2049	0
1057	205	0
1058	2050	1
1059	2051	1
1060	2052	1
1061	2053	1
1062	2054	1
1063	2055	1
1064	2056	0
1065	2058	0
1066	2059	1
1067	206	1
1068	2061	0
1069	2062	1
1070	2063	0
1071	2064	2
1072	2065	4
1073	2067	0
1074	2069	1
1075	207	0
1076	2070	1
1077	2071	0
1078	2072	0
1079	2073	1
1080	2074	1
1081	2075	0
1082	2077	0
1083	2078	1
1084	208	1
1085	2080	0
1086	2081	0
1087	2082	0
1088	2083	0
1089	2084	0
1090	2085	0
1091	2086	1
1092	2087	1
1093	2088	1
1094	2089	0
1095	209	1
1096	2090	1
1097	2091	0
1098	2093	0
1099	2094	0
1100	2095	1
1101	2096	1
1102	2097	0
1103	2098	6
1104	2099	1
1105	21	6
1106	210	4
1107	2100	0
1108	2101	1
1109	2102	0
1110	2103	0
1111	2104	1
1112	2106	1
1113	2107	1
1114	2108	0
1115	2109	1
1116	211	1
1117	2110	5
1118	2111	0
1119	2112	1
1120	2113	0
1121	2114	0
1122	2115	1
1123	2117	1
1124	2118	0
1125	212	0
1126	2120	0
1127	2121	0
1128	2122	1
1129	2123	3
1130	2126	0
1131	2127	4
1132	2128	1
1133	2129	0
1134	213	0
1135	2130	1
1136	2131	0
1137	2132	0
1138	2133	1
1139	2134	0
1140	2135	0
1141	2136	1
1142	2138	0
1143	2139	1
1144	214	5
1145	2140	1
1146	2141	0
1147	2142	0
1148	2143	0
1149	2145	4
1150	2146	2
1151	2147	0
1152	2148	0
1153	2149	0
1154	215	0
1155	2150	0
1156	2151	0
1157	2152	0
1158	2153	0
1159	2154	0
1160	2155	0
1161	2156	1
1162	2157	0
1163	2158	0
1164	2159	0
1165	216	0
1166	2160	1
1167	2162	0
1168	2163	0
1169	2165	0
1170	2166	0
1171	2167	1
1172	2168	3
1173	2169	0
1174	217	0
1175	2170	0
1176	2171	0
1177	2172	0
1178	2173	0
1179	2174	1
1180	2175	1
1181	2176	1
1182	2177	2
1183	2180	2
1184	2181	2
1185	2182	1
1186	2183	1
1187	2184	0
1188	2185	1
1189	2186	0
1190	2187	1
1191	2188	1
1192	2189	0
1193	219	1
1194	2190	1
1195	2191	0
1196	2192	0
1197	2193	0
1198	2194	1
1199	2195	1
1200	2196	0
1201	2197	0
1202	2198	0
1203	2199	0
1204	22	0
1205	220	1
1206	2200	1
1207	2202	1
1208	2203	1
1209	2204	0
1210	2205	0
1211	2207	0
1212	2208	0
1213	2209	6
1214	221	1
1215	2210	1
1216	2211	0
1217	2212	0
1218	2213	0
1219	2214	1
1220	2215	2
1221	2216	0
1222	2217	1
1223	2218	0
1224	2219	5
1225	222	1
1226	2220	6
1227	2221	1
1228	2222	1
1229	2223	0
1230	2225	4
1231	2226	0
1232	2227	0
1233	2228	0
1234	2229	0
1235	223	2
1236	2230	0
1237	2231	0
1238	2234	1
1239	2235	4
1240	2236	0
1241	2238	0
1242	2239	0
1243	224	1
1244	2241	1
1245	2242	0
1246	2243	0
1247	2244	1
1248	2245	0
1249	2248	1
1250	2249	0
1251	225	1
1252	2250	0
1253	2251	0
1254	2252	2
1255	2253	0
1256	2254	0
1257	2255	0
1258	2256	0
1259	2258	0
1260	2259	0
1261	226	1
1262	2260	2
1263	2261	1
1264	2262	1
1265	2263	1
1266	2264	0
1267	2265	0
1268	2266	0
1269	2267	0
1270	2268	0
1271	2269	0
1272	2270	0
1273	2271	1
1274	2272	1
1275	2273	0
1276	2274	0
1277	2275	1
1278	2276	1
1279	2277	1
1280	2278	1
1281	228	0
1282	2280	0
1283	2281	1
1284	2282	0
1285	2283	0
1286	2284	0
1287	2285	0
1288	2286	1
1289	2287	0
1290	2288	0
1291	2289	1
1292	229	1
1293	2290	3
1294	2291	0
1295	2292	1
1296	2293	0
1297	2295	0
1298	2297	1
1299	2298	0
1300	2299	0
1301	23	0
1302	230	0
1303	2300	0
1304	2301	0
1305	2302	1
1306	2303	1
1307	2304	0
1308	2305	1
1309	2306	1
1310	2307	0
1311	2308	1
1312	2309	1
1313	2310	0
1314	2311	0
1315	2312	1
1316	2313	0
1317	2314	0
1318	2316	4
1319	2318	0
1320	2319	1
1321	232	0
1322	2320	0
1323	2321	1
1324	2322	0
1325	2323	0
1326	2324	0
1327	2326	1
1328	2327	0
1329	2328	0
1330	2329	0
1331	233	1
1332	2330	1
1333	2331	4
1334	2333	2
1335	2334	0
1336	2335	0
1337	2336	0
1338	2337	2
1339	2338	5
1340	2339	1
1341	234	0
1342	2341	0
1343	2342	0
1344	2343	0
1345	2344	1
1346	2345	3
1347	2346	0
1348	2347	2
1349	2348	1
1350	2349	0
1351	235	0
1352	2350	1
1353	2351	0
1354	2352	0
1355	2353	0
1356	2354	1
1357	2355	1
1358	2356	0
1359	2357	1
1360	2358	1
1361	2359	0
1362	2360	0
1363	2361	1
1364	2363	0
1365	2364	0
1366	2365	1
1367	2366	0
1368	2367	1
1369	2369	1
1370	237	1
1371	2370	1
1372	2371	1
1373	2372	0
1374	2373	1
1375	2374	1
1376	2375	0
1377	2376	0
1378	2378	1
1379	2379	1
1380	238	0
1381	2380	0
1382	2381	0
1383	2382	3
1384	2384	0
1385	2385	0
1386	2386	1
1387	2387	0
1388	2388	0
1389	2389	0
1390	239	0
1391	2390	3
1392	2391	0
1393	2392	1
1394	2393	1
1395	2394	4
1396	2395	1
1397	2396	0
1398	2397	1
1399	2398	0
1400	2399	0
1401	24	4
1402	240	1
1403	2400	1
1404	2401	0
1405	2402	0
1406	2403	5
1407	2404	0
1408	2405	0
1409	2406	1
1410	2407	1
1411	2408	1
1412	2409	0
1413	241	0
1414	2411	0
1415	2412	1
1416	2413	0
1417	2414	0
1418	2415	0
1419	2416	1
1420	2417	5
1421	2419	1
1422	2420	0
1423	2421	0
1424	2422	2
1425	2423	0
1426	2424	1
1427	2425	0
1428	2426	5
1429	2427	0
1430	2428	5
1431	2429	1
1432	243	3
1433	2430	5
1434	2431	1
1435	2432	0
1436	2433	0
1437	2434	0
1438	2435	0
1439	2436	1
1440	2437	3
1441	2438	0
1442	2439	0
1443	244	1
1444	2440	0
1445	2441	1
1446	2442	3
1447	2443	0
1448	2444	0
1449	2445	0
1450	2446	0
1451	2447	1
1452	2448	0
1453	2449	1
1454	245	1
1455	2450	1
1456	2451	1
1457	2452	1
1458	2453	0
1459	2454	0
1460	2456	1
1461	2457	0
1462	2458	1
1463	2459	0
1464	246	1
1465	2460	0
1466	2461	0
1467	2462	0
1468	2463	0
1469	2464	0
1470	2465	1
1471	2466	0
1472	2467	1
1473	2468	0
1474	2469	0
1475	247	5
1476	2470	0
1477	2472	1
1478	2473	1
1479	2475	1
1480	2476	0
1481	2478	4
1482	2479	4
1483	248	1
1484	2480	6
1485	2481	0
1486	2482	0
1487	2483	0
1488	2484	0
1489	2485	0
1490	2486	0
1491	2488	0
1492	2489	1
1493	249	0
1494	2490	0
1495	2491	1
1496	2492	0
1497	2493	1
1498	2494	0
1499	2497	6
1500	2498	0
1501	2499	0
1502	250	0
1503	2500	4
1504	2501	4
1505	2502	3
1506	2504	0
1507	2505	0
1508	2506	0
1509	2507	0
1510	2508	0
1511	2509	1
1512	251	0
1513	2510	0
1514	2511	0
1515	2512	0
1516	2513	6
1517	2514	2
1518	2516	5
1519	2517	1
1520	2518	1
1521	2519	0
1522	252	1
1523	2520	1
1524	2522	0
1525	2523	0
1526	2524	1
1527	2525	0
1528	2526	5
1529	2527	0
1530	2528	1
1531	2529	0
1532	253	0
1533	2530	0
1534	2531	0
1535	2532	0
1536	2533	0
1537	2534	1
1538	2535	0
1539	2536	0
1540	2537	0
1541	2538	0
1542	2539	1
1543	254	0
1544	2540	0
1545	2541	0
1546	2542	1
1547	2543	1
1548	2544	1
1549	2545	2
1550	2546	0
1551	2547	0
1552	2548	0
1553	2549	4
1554	255	6
1555	2550	0
1556	2551	1
1557	2552	1
1558	2553	0
1559	2554	3
1560	2555	0
1561	2556	1
1562	2557	0
1563	2558	0
1564	2559	0
1565	256	0
1566	2560	0
1567	2561	1
1568	2562	4
1569	2563	0
1570	2564	1
1571	2565	5
1572	2567	0
1573	2568	0
1574	2569	0
1575	2570	1
1576	2571	4
1577	2572	0
1578	2573	0
1579	2575	1
1580	2576	0
1581	2577	2
1582	2578	1
1583	2579	0
1584	258	6
1585	2580	0
1586	2581	0
1587	2582	1
1588	2583	0
1589	2584	2
1590	2585	0
1591	2586	0
1592	2587	6
1593	2588	0
1594	2589	3
1595	259	0
1596	2590	1
1597	2591	0
1598	2592	1
1599	2593	0
1600	2594	0
1601	2595	5
1602	2596	6
1603	2597	0
1604	2598	6
1605	2599	1
1606	260	1
1607	2600	1
1608	2601	1
1609	2602	0
1610	2603	1
1611	2604	3
1612	2605	5
1613	2606	0
1614	2608	0
1615	2609	4
1616	261	3
1617	2610	1
1618	2611	1
1619	2612	6
1620	2613	4
1621	2615	0
1622	2616	1
1623	2617	0
1624	2618	1
1625	2619	1
1626	262	0
1627	2620	1
1628	2621	0
1629	2622	0
1630	2623	1
1631	2624	0
1632	2625	2
1633	2626	0
1634	2627	0
1635	2628	0
1636	2629	0
1637	263	0
1638	2630	4
1639	2631	0
1640	2632	1
1641	2633	0
1642	2634	0
1643	2635	1
1644	2636	0
1645	2637	0
1646	2638	0
1647	2639	0
1648	264	0
1649	2640	4
1650	2641	1
1651	2642	0
1652	2643	0
1653	2644	1
1654	2645	1
1655	2646	0
1656	2647	1
1657	2648	1
1658	2649	1
1659	265	0
1660	2650	0
1661	2651	1
1662	2652	0
1663	2653	1
1664	2654	1
1665	2656	0
1666	2657	2
1667	2658	1
1668	2659	0
1669	2660	1
1670	2661	4
1671	2663	1
1672	2665	1
1673	2666	0
1674	2667	0
1675	2668	0
1676	2669	4
1677	267	0
1678	2671	1
1679	2672	1
1680	2673	0
1681	2674	3
1682	2675	0
1683	2676	1
1684	2677	1
1685	2678	1
1686	2679	0
1687	2680	1
1688	2681	1
1689	2682	0
1690	2683	5
1691	2685	1
1692	2686	0
1693	2687	3
1694	2688	1
1695	2689	1
1696	269	0
1697	2690	5
1698	2691	0
1699	2692	0
1700	2693	0
1701	2694	1
1702	2695	0
1703	2696	0
1704	2697	0
1705	2698	0
1706	2699	0
1707	27	0
1708	270	0
1709	2700	1
1710	2701	0
1711	2702	0
1712	2703	1
1713	2704	2
1714	2705	2
1715	2706	1
1716	2707	0
1717	2708	0
1718	2709	0
1719	271	1
1720	2710	0
1721	2711	0
1722	2712	0
1723	2713	0
1724	2714	4
1725	2715	0
1726	2716	0
1727	2717	1
1728	2718	0
1729	2719	0
1730	272	0
1731	2720	5
1732	2721	1
1733	2723	0
1734	2724	0
1735	2725	2
1736	2727	0
1737	2728	0
1738	2729	0
1739	273	0
1740	2730	0
1741	2731	0
1742	2732	1
1743	2733	1
1744	2735	0
1745	2736	0
1746	2737	0
1747	2738	0
1748	2739	1
1749	274	0
1750	2740	0
1751	2741	0
1752	2742	6
1753	2743	1
1754	2744	1
1755	2745	3
1756	2746	1
1757	2747	0
1758	2748	1
1759	2749	4
1760	275	1
1761	2750	1
1762	2751	0
1763	2752	1
1764	2753	0
1765	2754	0
1766	2755	0
1767	2756	0
1768	2758	0
1769	2759	0
1770	276	1
1771	2760	1
1772	2762	1
1773	2764	1
1774	2765	0
1775	2766	0
1776	2767	0
1777	2768	3
1778	2769	0
1779	277	5
1780	2770	6
1781	2771	1
1782	2773	0
1783	2774	1
1784	2775	0
1785	2776	0
1786	2777	0
1787	2778	0
1788	2779	0
1789	278	0
1790	2780	0
1791	2781	2
1792	2782	0
1793	2783	1
1794	2784	0
1795	2785	1
1796	2786	0
1797	2787	0
1798	2788	1
1799	2789	0
1800	279	1
1801	2790	1
1802	2791	0
1803	2792	0
1804	2793	1
1805	2794	0
1806	2795	1
1807	2796	1
1808	2797	0
1809	2798	0
1810	2799	0
1811	28	1
1812	280	1
1813	2800	1
1814	2801	3
1815	2802	1
1816	2803	1
1817	2805	1
1818	2807	0
1819	2808	1
1820	2809	1
1821	281	0
1822	2811	0
1823	2812	0
1824	2813	0
1825	2814	1
1826	2815	0
1827	2816	0
1828	2817	0
1829	2818	1
1830	2819	0
1831	282	0
1832	2820	3
1833	2821	0
1834	2822	0
1835	2823	1
1836	2824	0
1837	2825	1
1838	2826	0
1839	2827	0
1840	2828	1
1841	2829	1
1842	283	0
1843	2831	1
1844	2832	1
1845	2833	1
1846	2834	1
1847	2836	4
1848	2837	0
1849	2838	0
1850	2839	0
1851	284	0
1852	2841	0
1853	2842	4
1854	2843	1
1855	2844	0
1856	2845	5
1857	2846	0
1858	2847	0
1859	2848	1
1860	2849	0
1861	285	0
1862	2850	1
1863	2851	0
1864	2852	1
1865	2853	1
1866	2854	1
1867	2855	0
1868	2856	0
1869	2857	1
1870	2858	0
1871	2859	1
1872	286	1
1873	2860	0
1874	2861	0
1875	2862	0
1876	2863	1
1877	2864	0
1878	2865	0
1879	2866	0
1880	2867	6
1881	2868	4
1882	2869	0
1883	287	1
1884	2870	5
1885	2871	0
1886	2872	0
1887	2874	1
1888	2875	1
1889	2876	0
1890	2877	0
1891	2878	0
1892	288	1
1893	2880	0
1894	2881	6
1895	2882	0
1896	2883	1
1897	2884	1
1898	2886	0
1899	2887	1
1900	2888	0
1901	2889	1
1902	289	1
1903	2890	1
1904	2891	1
1905	2892	0
1906	2893	0
1907	2894	0
1908	2895	2
1909	2896	1
1910	2897	1
1911	2898	1
1912	2899	1
1913	29	0
1914	290	0
1915	2900	0
1916	2901	0
1917	2902	2
1918	2903	1
1919	2904	1
1920	2905	1
1921	2906	1
1922	2907	0
1923	2909	1
1924	291	1
1925	2910	0
1926	2911	1
1927	2912	1
1928	2913	3
1929	2914	4
1930	2915	0
1931	2916	0
1932	2918	1
1933	2919	0
1934	292	5
1935	2920	0
1936	2922	6
1937	2923	4
1938	2924	0
1939	2926	0
1940	2927	1
1941	2928	4
1942	2929	0
1943	293	3
1944	2930	1
1945	2931	5
1946	2932	1
1947	2933	0
1948	2934	0
1949	2935	0
1950	2936	0
1951	2937	0
1952	2938	3
1953	294	0
1954	2940	3
1955	2941	0
1956	2942	0
1957	2943	0
1958	2944	0
1959	2945	0
1960	2946	0
1961	2947	4
1962	2948	0
1963	2949	0
1964	295	1
1965	2950	0
1966	2951	1
1967	2952	0
1968	2953	1
1969	2955	0
1970	2956	0
1971	2957	0
1972	2958	1
1973	2959	1
1974	296	4
1975	2960	0
1976	2961	1
1977	2962	1
1978	2963	0
1979	2964	0
1980	2966	6
1981	2967	0
1982	2969	0
1983	297	3
1984	2970	0
1985	2972	1
1986	2973	3
1987	2974	0
1988	2975	0
1989	2976	0
1990	2977	1
1991	2978	4
1992	298	1
1993	2981	1
1994	2982	0
1995	2983	1
1996	2984	0
1997	2985	1
1998	2986	1
1999	2987	1
2000	2988	0
2001	2989	0
2002	2991	1
2003	2992	0
2004	2993	3
2005	2994	0
2006	2995	1
2007	2996	0
2008	2997	1
2009	2998	1
2010	2999	1
2011	3	1
2012	30	3
2013	300	1
2014	3000	0
2015	3001	0
2016	3002	0
2017	3004	0
2018	3005	0
2019	3006	1
2020	3007	0
2021	3008	0
2022	3009	0
2023	301	0
2024	3010	0
2025	3012	1
2026	3013	1
2027	3014	0
2028	3015	0
2029	3016	1
2030	3017	1
2031	3018	1
2032	3019	1
2033	302	0
2034	3020	0
2035	3021	1
2036	3023	6
2037	3024	2
2038	3025	1
2039	3026	1
2040	3027	1
2041	3029	0
2042	303	1
2043	3030	1
2044	3031	0
2045	3032	1
2046	3034	5
2047	3035	0
2048	3036	0
2049	3037	0
2050	3038	0
2051	3039	1
2052	304	0
2053	3040	1
2054	3041	1
2055	3043	0
2056	3044	2
2057	3046	1
2058	3047	0
2059	3048	1
2060	3049	0
2061	305	0
2062	3050	0
2063	3051	0
2064	3052	1
2065	3053	0
2066	3054	0
2067	3055	0
2068	3056	0
2069	3057	0
2070	3058	0
2071	3059	0
2072	3060	1
2073	3061	0
2074	3062	0
2075	3063	0
2076	3064	0
2077	3065	0
2078	3066	0
2079	3067	1
2080	3069	0
2081	3070	1
2082	3071	0
2083	3072	0
2084	3073	1
2085	3074	1
2086	3075	1
2087	3076	0
2088	3077	0
2089	3078	0
2090	3079	0
2091	308	1
2092	3080	3
2093	3081	0
2094	3082	1
2095	3083	0
2096	3084	1
2097	3085	0
2098	3086	0
2099	3087	1
2100	3088	0
2101	3089	5
2102	309	0
2103	3090	1
2104	3091	1
2105	3092	1
2106	3093	1
2107	3094	1
2108	3095	1
2109	3096	0
2110	3097	2
2111	3098	1
2112	3099	0
2113	31	0
2114	310	5
2115	3100	0
2116	3101	1
2117	3102	0
2118	3103	0
2119	3104	0
2120	3105	1
2121	3106	0
2122	3107	0
2123	3108	0
2124	3109	1
2125	311	1
2126	3110	1
2127	3111	0
2128	3113	0
2129	3114	1
2130	3115	3
2131	3116	0
2132	3117	0
2133	3118	0
2134	3119	0
2135	312	0
2136	3120	3
2137	3121	3
2138	3123	1
2139	3125	0
2140	3126	1
2141	3127	0
2142	3128	3
2143	3129	0
2144	313	0
2145	3130	1
2146	3131	0
2147	3132	0
2148	3134	1
2149	3135	0
2150	3136	0
2151	3138	0
2152	3139	1
2153	314	0
2154	3140	0
2155	3141	0
2156	3142	1
2157	3143	0
2158	3144	1
2159	3145	0
2160	3146	0
2161	3147	0
2162	3148	0
2163	3149	1
2164	315	1
2165	3150	0
2166	3151	0
2167	3152	3
2168	3153	4
2169	3154	0
2170	3155	1
2171	3156	0
2172	3157	0
2173	3158	1
2174	3159	1
2175	316	1
2176	3160	0
2177	3161	1
2178	3163	4
2179	3164	0
2180	3165	1
2181	3166	0
2182	3167	1
2183	3168	0
2184	3169	1
2185	317	0
2186	3170	5
2187	3171	5
2188	3172	5
2189	3173	5
2190	3174	0
2191	3176	1
2192	3177	0
2193	3179	1
2194	318	0
2195	3180	0
2196	3181	0
2197	3182	1
2198	3183	1
2199	3184	0
2200	3185	0
2201	3186	0
2202	3187	0
2203	3188	0
2204	3189	0
2205	319	0
2206	3190	0
2207	3191	1
2208	3192	1
2209	3193	0
2210	3194	0
2211	3195	1
2212	3196	0
2213	3197	0
2214	3198	0
2215	3199	0
2216	32	0
2217	320	0
2218	3200	1
2219	3201	1
2220	3202	0
2221	3203	0
2222	3204	0
2223	3205	6
2224	3206	1
2225	3207	0
2226	3208	0
2227	3209	3
2228	321	0
2229	3210	0
2230	3211	0
2231	3212	0
2232	3213	2
2233	3214	0
2234	3215	1
2235	3217	1
2236	3218	0
2237	3219	1
2238	322	0
2239	3221	0
2240	3222	0
2241	3223	0
2242	3224	0
2243	3225	2
2244	3226	1
2245	3227	0
2246	3229	0
2247	323	0
2248	3230	3
2249	3231	1
2250	3232	5
2251	3234	0
2252	3235	1
2253	3236	2
2254	3238	3
2255	3239	2
2256	324	0
2257	3240	1
2258	3241	0
2259	3242	0
2260	3243	1
2261	3244	1
2262	3245	0
2263	3246	0
2264	3247	1
2265	3248	0
2266	325	0
2267	3251	1
2268	3252	0
2269	3253	0
2270	3254	1
2271	3255	2
2272	3256	0
2273	3257	3
2274	3258	0
2275	3259	4
2276	326	0
2277	3260	0
2278	3261	4
2279	3262	5
2280	3263	1
2281	3264	0
2282	3265	3
2283	3266	1
2284	3267	0
2285	3268	1
2286	3269	0
2287	327	1
2288	3270	1
2289	3271	1
2290	3272	4
2291	3273	0
2292	3274	0
2293	3275	0
2294	3276	0
2295	3277	0
2296	3278	0
2297	328	3
2298	3280	0
2299	3282	1
2300	3283	4
2301	3284	3
2302	3285	0
2303	3286	0
2304	3287	0
2305	3288	0
2306	3289	0
2307	329	0
2308	3290	1
2309	3291	1
2310	3292	1
2311	3293	0
2312	3295	0
2313	3296	1
2314	3297	0
2315	3298	1
2316	3299	1
2317	33	0
2318	330	4
2319	3300	0
2320	3301	4
2321	3302	1
2322	3304	1
2323	3305	1
2324	3306	0
2325	3307	1
2326	3308	0
2327	3309	0
2328	331	0
2329	3312	1
2330	3313	1
2331	3314	0
2332	3315	1
2333	3317	0
2334	3318	1
2335	3319	0
2336	332	1
2337	3320	1
2338	3321	3
2339	3322	1
2340	3324	1
2341	3325	0
2342	3326	0
2343	3327	1
2344	3328	0
2345	3329	5
2346	3330	1
2347	3331	1
2348	3332	0
2349	3333	4
2350	3334	0
2351	3335	2
2352	3336	0
2353	3337	0
2354	3338	0
2355	3339	1
2356	334	1
2357	3340	0
2358	3341	0
2359	3342	1
2360	3343	1
2361	3344	0
2362	3345	0
2363	3346	0
2364	3347	1
2365	3348	1
2366	3349	0
2367	335	0
2368	3350	1
2369	3351	4
2370	3352	1
2371	3353	3
2372	3354	0
2373	3355	1
2374	3356	1
2375	3357	0
2376	3358	0
2377	3359	0
2378	336	0
2379	3360	0
2380	3361	0
2381	3362	0
2382	3363	0
2383	3364	1
2384	3365	0
2385	3366	0
2386	3367	0
2387	3368	1
2388	3369	0
2389	3370	0
2390	3371	1
2391	3372	0
2392	3373	1
2393	3374	0
2394	3375	0
2395	3376	0
2396	3377	0
2397	3378	3
2398	3379	0
2399	338	4
2400	3380	1
2401	3381	0
2402	3382	0
2403	3383	0
2404	3384	1
2405	3385	0
2406	3386	0
2407	3387	4
2408	3388	0
2409	3389	6
2410	339	0
2411	3390	0
2412	3391	1
2413	3392	1
2414	3393	0
2415	3394	1
2416	3395	1
2417	3396	0
2418	3397	1
2419	3398	0
2420	3399	0
2421	34	1
2422	340	0
2423	3400	0
2424	3401	0
2425	3402	1
2426	3404	1
2427	3405	5
2428	3406	0
2429	3407	1
2430	3408	1
2431	3409	0
2432	341	0
2433	3410	1
2434	3411	4
2435	3412	1
2436	3413	0
2437	3414	4
2438	3415	1
2439	3417	1
2440	3418	1
2441	3419	2
2442	342	3
2443	3420	0
2444	3422	1
2445	3423	0
2446	3424	1
2447	3425	0
2448	3426	0
2449	3427	1
2450	3428	0
2451	3429	0
2452	343	0
2453	3430	1
2454	3432	0
2455	3433	0
2456	3436	1
2457	3437	0
2458	3439	1
2459	344	0
2460	3440	1
2461	3441	5
2462	3442	1
2463	3443	1
2464	3444	1
2465	3445	1
2466	3446	0
2467	3447	0
2468	3448	1
2469	3449	1
2470	345	0
2471	3451	1
2472	3452	0
2473	3453	1
2474	3454	4
2475	3455	5
2476	3456	0
2477	3457	1
2478	3458	4
2479	3459	1
2480	346	0
2481	3460	1
2482	3461	1
2483	3462	0
2484	3463	0
2485	3464	0
2486	3465	1
2487	3466	1
2488	3467	3
2489	3468	5
2490	3469	1
2491	347	0
2492	3470	0
2493	3471	0
2494	3472	1
2495	3473	1
2496	3474	1
2497	3475	1
2498	3476	1
2499	3477	0
2500	3478	1
2501	3479	0
2502	348	1
2503	3480	0
2504	3481	0
2505	3482	0
2506	3483	0
2507	3484	0
2508	3485	0
2509	3486	1
2510	3487	0
2511	3488	2
2512	3489	1
2513	349	0
2514	3490	3
2515	3492	3
2516	3493	1
2517	3494	1
2518	3495	1
2519	3496	1
2520	3497	0
2521	3499	0
2522	35	1
2523	3500	0
2524	3501	0
2525	3502	6
2526	3503	0
2527	3504	4
2528	3505	0
2529	3506	1
2530	3507	0
2531	3508	0
2532	351	1
2533	3510	1
2534	3511	0
2535	3512	1
2536	3513	5
2537	3514	0
2538	3516	1
2539	3517	0
2540	3519	0
2541	352	1
2542	3520	4
2543	3521	0
2544	3522	0
2545	3523	4
2546	3524	0
2547	3525	1
2548	3526	0
2549	3527	1
2550	3528	0
2551	3529	1
2552	353	5
2553	3530	0
2554	3531	1
2555	3532	0
2556	3534	0
2557	3535	0
2558	3536	0
2559	3537	0
2560	3538	1
2561	3539	0
2562	354	0
2563	3541	0
2564	3542	0
2565	3543	0
2566	3544	1
2567	3545	0
2568	3546	1
2569	3547	0
2570	3548	1
2571	3549	0
2572	355	0
2573	3550	1
2574	3551	0
2575	3552	0
2576	3554	0
2577	3555	2
2578	3556	1
2579	3557	1
2580	3558	1
2581	3559	2
2582	356	5
2583	3560	1
2584	3561	1
2585	3562	0
2586	3564	1
2587	3565	1
2588	3566	2
2589	3567	0
2590	3568	1
2591	3569	1
2592	357	0
2593	3570	0
2594	3571	0
2595	3572	1
2596	3573	1
2597	3574	0
2598	3575	1
2599	3576	1
2600	3577	0
2601	3578	0
2602	3579	0
2603	3580	1
2604	3581	0
2605	3582	0
2606	3583	1
2607	3584	0
2608	3585	1
2609	3586	0
2610	3587	1
2611	3588	1
2612	3589	0
2613	359	0
2614	3590	0
2615	3591	0
2616	3592	0
2617	3593	0
2618	3594	1
2619	3595	0
2620	3596	0
2621	3597	0
2622	3598	1
2623	3599	0
2624	36	0
2625	360	0
2626	3600	4
2627	3601	6
2628	3602	1
2629	3603	0
2630	3604	0
2631	3605	0
2632	3606	1
2633	3607	0
2634	3608	0
2635	3609	1
2636	361	1
2637	3610	1
2638	3611	0
2639	3612	0
2640	3613	0
2641	3614	4
2642	3615	0
2643	3617	0
2644	3618	1
2645	3619	0
2646	362	3
2647	3620	0
2648	3621	1
2649	3622	0
2650	3623	0
2651	3624	0
2652	3625	0
2653	3626	4
2654	3627	0
2655	3628	0
2656	3629	0
2657	363	0
2658	3630	0
2659	3631	0
2660	3632	0
2661	3633	0
2662	3634	0
2663	3635	0
2664	3636	2
2665	3637	0
2666	3638	0
2667	3639	0
2668	364	0
2669	3640	0
2670	3641	0
2671	3642	0
2672	3643	0
2673	3644	0
2674	3645	0
2675	3646	1
2676	3648	0
2677	3649	0
2678	365	0
2679	3650	1
2680	3651	0
2681	3652	1
2682	3653	0
2683	3654	1
2684	3655	0
2685	3656	0
2686	3657	0
2687	3658	4
2688	3659	1
2689	366	0
2690	3660	3
2691	3661	0
2692	3662	0
2693	3663	1
2694	3664	1
2695	3665	2
2696	3666	0
2697	3667	0
2698	3668	1
2699	3669	1
2700	367	1
2701	3670	0
2702	3672	0
2703	3673	1
2704	3674	1
2705	3675	0
2706	3676	0
2707	3677	0
2708	3678	1
2709	3679	4
2710	368	0
2711	3680	2
2712	3681	0
2713	3682	1
2714	3683	0
2715	3684	0
2716	3685	1
2717	3686	1
2718	3687	0
2719	3688	3
2720	3689	1
2721	369	0
2722	3690	3
2723	3691	1
2724	3692	0
2725	3693	0
2726	3694	4
2727	3695	1
2728	3696	0
2729	3698	0
2730	3699	0
2731	37	0
2732	370	0
2733	3700	0
2734	3701	4
2735	3702	0
2736	3703	1
2737	3704	1
2738	3705	1
2739	3706	5
2740	3707	1
2741	3708	3
2742	3709	0
2743	3710	1
2744	3711	0
2745	3712	1
2746	3713	0
2747	3714	1
2748	3715	0
2749	3716	1
2750	3717	1
2751	3718	1
2752	3719	0
2753	372	1
2754	3720	0
2755	3721	4
2756	3722	0
2757	3723	0
2758	3724	1
2759	3725	1
2760	3726	0
2761	3727	0
2762	3728	3
2763	3729	0
2764	373	1
2765	3730	1
2766	3731	1
2767	3732	0
2768	3733	1
2769	3734	0
2770	3736	0
2771	3737	1
2772	3738	4
2773	3739	0
2774	374	0
2775	3741	0
2776	3742	1
2777	3743	0
2778	3744	0
2779	3745	0
2780	3746	1
2781	3747	2
2782	3748	1
2783	3749	0
2784	375	1
2785	3750	0
2786	3751	1
2787	3752	5
2788	3753	3
2789	3754	1
2790	3755	0
2791	3757	6
2792	3758	0
2793	3759	0
2794	376	0
2795	3762	1
2796	3763	0
2797	3764	0
2798	3765	1
2799	3766	3
2800	3767	1
2801	3768	0
2802	3769	1
2803	377	0
2804	3771	1
2805	3772	0
2806	3773	0
2807	3774	1
2808	3775	1
2809	3776	1
2810	3777	0
2811	3778	1
2812	3779	1
2813	378	1
2814	3780	0
2815	3782	1
2816	3783	0
2817	3784	0
2818	3786	1
2819	3787	0
2820	3788	1
2821	379	1
2822	3790	1
2823	3791	0
2824	3792	1
2825	3793	0
2826	3794	0
2827	3795	0
2828	3796	1
2829	3798	6
2830	3799	0
2831	38	0
2832	380	3
2833	3800	0
2834	3801	1
2835	3802	0
2836	3803	0
2837	3804	1
2838	3805	0
2839	3806	0
2840	3807	0
2841	3808	0
2842	3809	2
2843	381	0
2844	3810	0
2845	3811	1
2846	3812	0
2847	3813	0
2848	3814	1
2849	3815	3
2850	3816	0
2851	3817	1
2852	3818	1
2853	3819	0
2854	3820	0
2855	3821	0
2856	3822	0
2857	3823	0
2858	3824	1
2859	3825	0
2860	3826	0
2861	3827	1
2862	3828	0
2863	3829	0
2864	383	1
2865	3830	0
2866	3831	0
2867	3832	0
2868	3833	0
2869	3834	1
2870	3835	0
2871	3836	0
2872	3837	1
2873	3838	0
2874	3839	3
2875	384	1
2876	3840	0
2877	3841	3
2878	3842	0
2879	3844	0
2880	3846	0
2881	3847	1
2882	3848	1
2883	3849	1
2884	385	0
2885	3850	0
2886	3851	1
2887	3852	0
2888	3854	2
2889	3855	1
2890	3857	1
2891	3858	1
2892	3859	0
2893	386	0
2894	3860	0
2895	3861	0
2896	3862	0
2897	3863	4
2898	3864	4
2899	3865	1
2900	3866	0
2901	3867	0
2902	3868	0
2903	3869	1
2904	387	1
2905	3870	1
2906	3871	2
2907	3872	5
2908	3873	1
2909	3874	0
2910	3875	0
2911	3876	1
2912	3877	0
2913	3878	4
2914	3879	1
2915	388	0
2916	3880	0
2917	3881	1
2918	3882	1
2919	3883	0
2920	3884	3
2921	3885	1
2922	3886	4
2923	3887	1
2924	3888	0
2925	3889	0
2926	389	2
2927	3890	0
2928	3891	1
2929	3892	0
2930	3893	0
2931	3894	0
2932	3895	1
2933	3896	1
2934	3898	0
2935	3899	1
2936	39	0
2937	3900	0
2938	3902	0
2939	3903	1
2940	3904	0
2941	3905	0
2942	3906	0
2943	3907	1
2944	3908	0
2945	391	1
2946	3910	1
2947	3911	1
2948	3912	0
2949	3913	0
2950	3914	0
2951	3915	2
2952	3916	3
2953	3917	0
2954	3918	0
2955	3919	0
2956	392	1
2957	3920	0
2958	3921	5
2959	3922	0
2960	3923	1
2961	3924	0
2962	3925	0
2963	3926	0
2964	3927	0
2965	3928	1
2966	3929	0
2967	393	0
2968	3930	0
2969	3931	1
2970	3932	1
2971	3933	1
2972	3934	0
2973	3935	0
2974	3936	4
2975	3937	0
2976	3938	1
2977	3939	0
2978	394	1
2979	3940	1
2980	3941	0
2981	3943	1
2982	3944	0
2983	3945	0
2984	3947	1
2985	3948	0
2986	3949	3
2987	395	6
2988	3950	0
2989	3951	1
2990	3952	0
2991	3953	0
2992	3954	0
2993	3956	6
2994	3957	0
2995	3958	0
2996	3959	1
2997	396	0
2998	3960	1
2999	3961	0
3000	3962	0
3001	3963	0
3002	3964	1
3003	3965	1
3004	3966	1
3005	3967	1
3006	3968	0
3007	3969	1
3008	397	4
3009	3970	0
3010	3971	0
3011	3972	1
3012	3973	1
3013	3974	0
3014	3975	0
3015	3976	0
3016	3977	0
3017	3978	5
3018	3979	0
3019	398	0
3020	3980	0
3021	3981	6
3022	3982	1
3023	3983	0
3024	3984	2
3025	3985	1
3026	3986	0
3027	3988	2
3028	3989	0
3029	399	1
3030	3990	0
3031	3991	0
3032	3992	0
3033	3993	0
3034	3994	0
3035	3995	1
3036	3996	0
3037	3997	6
3038	3998	0
3039	3999	0
3040	4	0
3041	40	1
3042	400	4
3043	4000	1
3044	4001	1
3045	4002	1
3046	4003	0
3047	4004	0
3048	4005	0
3049	4006	0
3050	4007	1
3051	4009	0
3052	401	1
3053	4010	0
3054	4011	0
3055	4012	0
3056	4013	4
3057	4014	0
3058	4015	0
3059	4016	1
3060	4018	1
3061	4019	0
3062	402	1
3063	4020	1
3064	4022	4
3065	4023	1
3066	4024	4
3067	4025	0
3068	4026	0
3069	4027	1
3070	4028	0
3071	4029	0
3072	403	0
3073	4031	0
3074	4032	5
3075	4033	2
3076	4034	1
3077	4035	1
3078	4036	0
3079	4037	1
3080	4038	1
3081	4039	0
3082	404	0
3083	4040	1
3084	4041	1
3085	4042	4
3086	4044	0
3087	4045	1
3088	4046	1
3089	4047	0
3090	4048	0
3091	405	0
3092	4050	4
3093	4051	2
3094	4052	0
3095	4053	0
3096	4054	0
3097	4056	0
3098	4057	1
3099	4058	1
3100	4059	1
3101	406	5
3102	4060	0
3103	4062	4
3104	4063	1
3105	4064	0
3106	4065	0
3107	4066	0
3108	4067	1
3109	4068	1
3110	4069	1
3111	407	0
3112	4070	0
3113	4071	4
3114	4072	3
3115	4073	0
3116	4074	2
3117	4075	4
3118	4077	4
3119	4078	1
3120	4079	1
3121	4080	4
3122	4081	0
3123	4083	0
3124	4084	0
3125	4085	0
3126	4086	1
3127	4087	1
3128	4088	0
3129	4089	1
3130	409	0
3131	4090	0
3132	4091	1
3133	4092	1
3134	4093	1
3135	4094	0
3136	4095	0
3137	4096	0
3138	4097	1
3139	4098	0
3140	4099	0
3141	410	0
3142	4100	0
3143	4101	1
3144	4102	0
3145	4103	1
3146	4104	0
3147	4105	0
3148	4106	0
3149	4107	0
3150	4108	0
3151	4109	0
3152	411	1
3153	4110	0
3154	4111	4
3155	4112	0
3156	4113	0
3157	4114	6
3158	4115	0
3159	4116	1
3160	4117	0
3161	4118	0
3162	412	4
3163	4123	2
3164	4124	0
3165	4125	1
3166	4126	0
3167	4127	0
3168	4128	1
3169	4129	0
3170	413	0
3171	4130	1
3172	4131	1
3173	4132	0
3174	4133	0
3175	4134	1
3176	4135	0
3177	4136	5
3178	4137	0
3179	4138	4
3180	4139	1
3181	414	0
3182	4140	1
3183	4141	0
3184	4142	3
3185	4143	0
3186	4144	0
3187	4145	0
3188	4146	1
3189	4147	0
3190	4148	1
3191	4149	3
3192	415	0
3193	4150	0
3194	4151	3
3195	4152	0
3196	4153	1
3197	4154	1
3198	4155	1
3199	4156	0
3200	4157	1
3201	4158	3
3202	4159	1
3203	4160	5
3204	4161	0
3205	4162	1
3206	4163	5
3207	4164	0
3208	4165	0
3209	4166	0
3210	4167	0
3211	4168	1
3212	4169	0
3213	417	1
3214	4170	1
3215	4171	0
3216	4172	1
3217	4174	1
3218	4176	1
3219	4177	1
3220	4178	0
3221	4179	0
3222	418	0
3223	4180	1
3224	4181	0
3225	4183	1
3226	4184	1
3227	4185	0
3228	4186	1
3229	4187	0
3230	4188	0
3231	4189	1
3232	419	1
3233	4190	1
3234	4191	1
3235	4192	1
3236	4193	0
3237	4194	1
3238	4195	0
3239	4196	1
3240	4197	0
3241	4198	1
3242	4199	0
3243	42	0
3244	420	1
3245	4200	0
3246	4201	1
3247	4202	1
3248	4203	0
3249	4204	1
3250	4205	4
3251	4206	0
3252	4207	1
3253	4208	0
3254	4209	0
3255	421	1
3256	4210	0
3257	4211	0
3258	4212	0
3259	4213	0
3260	4214	1
3261	4216	0
3262	4217	1
3263	4218	0
3264	422	0
3265	4221	1
3266	4222	1
3267	4223	1
3268	4224	0
3269	4225	0
3270	4226	0
3271	4227	4
3272	4229	1
3273	423	0
3274	4230	0
3275	4233	0
3276	4235	0
3277	424	0
3278	425	1
3279	426	1
3280	427	0
3281	428	3
3282	429	1
3283	43	0
3284	430	0
3285	4306	5
3286	4308	0
3287	4309	4
3288	431	0
3289	4310	4
3290	4311	0
3291	4312	0
3292	4313	2
3293	4314	0
3294	4315	0
3295	4316	0
3296	4317	1
3297	4318	0
3298	4319	0
3299	432	1
3300	4320	0
3301	4321	0
3302	4322	4
3303	4323	1
3304	4324	1
3305	4325	0
3306	4326	3
3307	4327	0
3308	4328	0
3309	4329	3
3310	433	1
3311	4330	1
3312	4331	0
3313	4335	0
3314	4336	0
3315	4337	0
3316	4338	0
3317	4339	0
3318	434	0
3319	4340	1
3320	4341	0
3321	4342	0
3322	4343	0
3323	4344	1
3324	4346	0
3325	4347	6
3326	4348	1
3327	4349	0
3328	435	2
3329	4350	0
3330	4351	6
3331	4352	0
3332	4353	4
3333	4354	0
3334	4355	0
3335	4356	0
3336	4357	0
3337	4358	1
3338	4359	3
3339	436	1
3340	4360	0
3341	4361	1
3342	4362	6
3343	4363	0
3344	4364	0
3345	4365	0
3346	4366	0
3347	4367	1
3348	4368	0
3349	4369	0
3350	437	0
3351	4370	0
3352	4371	0
3353	4373	6
3354	4375	0
3355	4376	1
3356	4377	1
3357	4378	1
3358	4379	5
3359	438	3
3360	4381	0
3361	4382	1
3362	4383	0
3363	4384	1
3364	4385	0
3365	4389	4
3366	439	1
3367	4390	1
3368	4391	0
3369	4392	0
3370	4393	0
3371	4394	0
3372	4395	6
3373	4396	1
3374	4397	5
3375	4398	1
3376	4399	0
3377	44	0
3378	440	0
3379	4400	1
3380	4401	0
3381	4402	0
3382	4403	0
3383	4404	0
3384	4405	0
3385	4406	0
3386	4407	1
3387	4408	0
3388	4409	0
3389	4410	1
3390	4412	0
3391	4413	0
3392	4414	1
3393	4416	4
3394	4417	1
3395	4418	0
3396	4419	0
3397	442	3
3398	4420	4
3399	4421	0
3400	4423	1
3401	4424	4
3402	4425	0
3403	4426	0
3404	4427	1
3405	4428	0
3406	4429	0
3407	443	2
3408	4430	0
3409	4431	0
3410	4432	0
3411	4433	1
3412	4434	0
3413	4435	0
3414	4436	1
3415	4437	1
3416	4438	0
3417	4439	0
3418	444	0
3419	4440	0
3420	4441	1
3421	4442	0
3422	4443	0
3423	4444	1
3424	4445	0
3425	4446	0
3426	4447	1
3427	4448	0
3428	4449	0
3429	445	0
3430	4450	0
3431	4451	1
3432	4452	0
3433	4453	1
3434	4454	1
3435	4455	1
3436	4456	0
3437	4457	1
3438	4458	0
3439	4459	1
3440	446	0
3441	4460	0
3442	4462	3
3443	4464	0
3444	4466	1
3445	4468	0
3446	4469	0
3447	447	1
3448	4470	5
3449	4471	0
3450	4472	0
3451	4473	0
3452	4474	1
3453	4475	0
3454	4476	1
3455	4477	1
3456	4478	0
3457	4479	0
3458	448	4
3459	4480	1
3460	4482	1
3461	4483	0
3462	4485	0
3463	4486	0
3464	4488	1
3465	4489	0
3466	449	0
3467	4491	0
3468	4492	0
3469	4493	0
3470	4494	1
3471	4495	0
3472	4496	0
3473	4497	0
3474	4498	0
3475	4499	0
3476	45	0
3477	450	1
3478	4500	1
3479	4501	0
3480	4502	0
3481	4503	0
3482	4504	1
3483	4505	1
3484	4506	0
3485	4508	1
3486	4509	1
3487	451	1
3488	4510	0
3489	4511	0
3490	4512	1
3491	4513	0
3492	4514	0
3493	4515	1
3494	4516	0
3495	4518	1
3496	4519	0
3497	452	0
3498	4520	0
3499	4521	0
3500	4523	0
3501	4524	0
3502	4525	0
3503	4526	1
3504	4527	1
3505	4528	0
3506	4529	1
3507	453	1
3508	4530	0
3509	4531	0
3510	4532	2
3511	4533	2
3512	4534	0
3513	4535	0
3514	4536	0
3515	4538	0
3516	4539	0
3517	4540	0
3518	4541	0
3519	4542	2
3520	4543	1
3521	4544	1
3522	4545	0
3523	4546	1
3524	4547	1
3525	4548	0
3526	455	0
3527	4550	1
3528	4551	0
3529	4552	4
3530	4553	0
3531	4554	0
3532	4555	0
3533	4556	0
3534	4557	0
3535	4558	0
3536	4559	1
3537	456	1
3538	4560	0
3539	4561	5
3540	4562	0
3541	4563	1
3542	4564	0
3543	4565	0
3544	4566	0
3545	4567	0
3546	4568	0
3547	4569	1
3548	457	0
3549	4571	0
3550	4573	1
3551	4574	1
3552	4575	0
3553	4576	5
3554	4577	1
3555	4578	0
3556	4579	0
3557	4580	0
3558	4581	0
3559	4583	0
3560	4584	0
3561	4585	0
3562	4586	1
3563	4587	0
3564	4588	1
3565	459	0
3566	4590	1
3567	4591	4
3568	4592	1
3569	4593	0
3570	4594	1
3571	4595	1
3572	4596	1
3573	4597	0
3574	4598	0
3575	4599	0
3576	46	5
3577	460	0
3578	4600	0
3579	4601	1
3580	4602	0
3581	4603	0
3582	4604	2
3583	4605	0
3584	4606	0
3585	4607	0
3586	461	1
3587	4610	2
3588	4611	0
3589	4612	0
3590	4613	1
3591	4614	0
3592	4615	0
3593	4616	1
3594	4617	1
3595	4618	0
3596	4619	1
3597	462	4
3598	4620	0
3599	4621	3
3600	4622	1
3601	4623	0
3602	4624	0
3603	4625	0
3604	4626	1
3605	4627	0
3606	4628	4
3607	4629	0
3608	463	0
3609	4630	1
3610	4631	1
3611	4632	1
3612	4633	0
3613	4634	0
3614	4635	0
3615	4636	1
3616	4637	0
3617	4638	6
3618	4640	4
3619	4641	4
3620	4642	0
3621	4643	1
3622	4644	0
3623	4645	1
3624	4646	0
3625	4647	0
3626	4649	0
3627	465	0
3628	4650	1
3629	4651	0
3630	4652	0
3631	4653	0
3632	4654	1
3633	4655	0
3634	4656	1
3635	4657	0
3636	4659	1
3637	466	0
3638	4662	1
3639	4663	0
3640	4664	0
3641	4666	1
3642	4667	0
3643	4668	0
3644	4669	0
3645	467	0
3646	4670	0
3647	4672	0
3648	4673	1
3649	4674	0
3650	4675	1
3651	4676	2
3652	4677	0
3653	4678	1
3654	4679	1
3655	468	0
3656	4680	2
3657	4681	0
3658	4682	0
3659	4683	0
3660	4684	0
3661	4685	1
3662	4686	1
3663	4687	0
3664	4688	0
3665	4689	0
3666	469	0
3667	4690	1
3668	4691	0
3669	4692	0
3670	4694	0
3671	4695	0
3672	4696	0
3673	4697	1
3674	4698	0
3675	4699	0
3676	47	0
3677	470	0
3678	4700	0
3679	4702	0
3680	4703	0
3681	4704	0
3682	4705	0
3683	4706	0
3684	4707	0
3685	4708	1
3686	4709	0
3687	471	0
3688	4710	4
3689	4711	1
3690	4714	1
3691	4715	1
3692	4716	0
3693	4717	1
3694	4718	2
3695	4719	1
3696	472	1
3697	4720	1
3698	4721	0
3699	4722	0
3700	4723	1
3701	4724	0
3702	4725	0
3703	4726	1
3704	4727	1
3705	4728	0
3706	4729	1
3707	4730	1
3708	4731	4
3709	4732	4
3710	4733	0
3711	4734	0
3712	4735	4
3713	4736	0
3714	4737	0
3715	4738	0
3716	474	0
3717	4740	1
3718	4741	0
3719	4743	0
3720	4744	6
3721	4746	1
3722	4747	0
3723	4748	1
3724	4749	1
3725	475	1
3726	4750	0
3727	4751	0
3728	4752	1
3729	4754	0
3730	4755	1
3731	4756	0
3732	4757	0
3733	4758	0
3734	4759	0
3735	476	0
3736	4760	1
3737	4761	0
3738	4762	1
3739	4763	5
3740	4765	0
3741	4766	0
3742	4767	0
3743	4768	1
3744	4769	1
3745	477	1
3746	4770	1
3747	4771	1
3748	4772	3
3749	4773	1
3750	4774	2
3751	4775	1
3752	4776	4
3753	4777	0
3754	4778	3
3755	4779	0
3756	478	1
3757	4780	5
3758	4781	0
3759	4782	0
3760	4783	0
3761	4784	1
3762	4786	1
3763	4787	0
3764	4788	0
3765	4789	0
3766	479	0
3767	4790	0
3768	4791	1
3769	4792	0
3770	4793	1
3771	4794	0
3772	4796	1
3773	4797	2
3774	4798	0
3775	4799	1
3776	48	0
3777	480	1
3778	4800	0
3779	4801	0
3780	4802	0
3781	4803	1
3782	4805	1
3783	4806	4
3784	4807	0
3785	4808	4
3786	4809	0
3787	481	0
3788	4811	2
3789	4812	0
3790	4813	5
3791	4814	0
3792	4815	1
3793	4816	2
3794	4817	0
3795	4818	1
3796	4819	1
3797	482	2
3798	4820	0
3799	4821	0
3800	4822	0
3801	4823	0
3802	4824	0
3803	4825	0
3804	4826	1
3805	4827	6
3806	4828	0
3807	4829	0
3808	483	1
3809	4830	0
3810	4831	0
3811	4832	5
3812	4833	0
3813	4834	0
3814	4835	0
3815	4836	0
3816	4837	6
3817	4838	0
3818	4839	0
3819	484	1
3820	4840	1
3821	4841	5
3822	4842	0
3823	4843	5
3824	4844	5
3825	4845	0
3826	4846	0
3827	4847	0
3828	4848	0
3829	4849	0
3830	485	2
3831	4850	0
3832	4851	0
3833	4852	1
3834	4853	1
3835	4854	1
3836	4856	0
3837	4857	0
3838	4858	1
3839	4859	0
3840	486	1
3841	4862	2
3842	4863	1
3843	4865	1
3844	4866	1
3845	4868	0
3846	4869	4
3847	487	0
3848	4870	0
3849	4871	0
3850	4872	0
3851	4873	0
3852	4874	0
3853	4875	0
3854	4876	1
3855	4877	0
3856	4878	0
3857	4879	0
3858	488	0
3859	4880	0
3860	4881	1
3861	4882	0
3862	4883	1
3863	4884	4
3864	4885	0
3865	4886	0
3866	4887	0
3867	4888	1
3868	489	0
3869	4890	1
3870	4892	0
3871	4893	1
3872	4895	1
3873	4896	0
3874	4897	3
3875	4898	1
3876	4899	1
3877	49	0
3878	4900	0
3879	4901	1
3880	4902	1
3881	4903	0
3882	4904	2
3883	4905	1
3884	4906	1
3885	4907	1
3886	4908	1
3887	4909	1
3888	491	0
3889	4910	1
3890	4911	2
3891	4912	1
3892	4913	0
3893	4914	0
3894	4915	0
3895	4916	0
3896	4917	2
3897	4918	0
3898	4919	5
3899	492	0
3900	4920	0
3901	4921	1
3902	4922	1
3903	4923	6
3904	4924	1
3905	4925	1
3906	4926	0
3907	4927	0
3908	4928	1
3909	4929	1
3910	4930	1
3911	4931	0
3912	4932	0
3913	4934	1
3914	4935	1
3915	4936	0
3916	4937	1
3917	4938	0
3918	4939	0
3919	494	4
3920	4940	0
3921	4941	0
3922	4943	0
3923	4944	1
3924	4945	0
3925	4947	1
3926	4949	0
3927	495	0
3928	4950	0
3929	4952	1
3930	4953	1
3931	4955	1
3932	4956	0
3933	4958	0
3934	4959	0
3935	496	1
3936	4960	2
3937	4961	0
3938	4963	1
3939	4964	4
3940	4965	0
3941	4966	2
3942	4967	0
3943	4968	0
3944	4969	0
3945	497	0
3946	4970	0
3947	4971	1
3948	4972	1
3949	4973	1
3950	4974	1
3951	4975	0
3952	4976	4
3953	4978	0
3954	498	1
3955	4980	0
3956	4981	0
3957	4982	1
3958	4983	1
3959	4984	5
3960	4985	0
3961	4986	0
3962	4987	1
3963	4988	0
3964	4989	1
3965	499	1
3966	4990	0
3967	4991	1
3968	4993	0
3969	4994	0
3970	4995	0
3971	4996	5
3972	4997	1
3973	4998	0
3974	4999	0
3975	5	1
3976	50	1
3977	500	0
3978	5000	1
3979	5001	0
3980	5002	0
3981	5004	0
3982	5005	0
3983	5006	1
3984	5007	1
3985	5009	0
3986	501	1
3987	5010	1
3988	5011	1
3989	5012	0
3990	5013	0
3991	5014	0
3992	5015	1
3993	5016	0
3994	5017	0
3995	5018	2
3996	5019	1
3997	502	0
3998	5020	0
3999	5021	1
4000	5022	2
4001	5023	1
4002	5024	1
4003	5025	3
4004	5026	0
4005	5027	1
4006	5028	1
4007	5029	1
4008	503	0
4009	5030	1
4010	5031	0
4011	5032	0
4012	5033	0
4013	5034	0
4014	5037	2
4015	5038	5
4016	5039	0
4017	5040	2
4018	5041	0
4019	5042	1
4020	5043	0
4021	5044	0
4022	5045	0
4023	5046	2
4024	5047	0
4025	5048	3
4026	5049	0
4027	505	0
4028	5050	0
4029	5051	5
4030	5052	1
4031	5053	0
4032	5054	4
4033	5055	1
4034	5056	4
4035	5057	0
4036	5058	0
4037	5059	1
4038	506	2
4039	5060	0
4040	5061	0
4041	5062	0
4042	5064	0
4043	5066	0
4044	5068	0
4045	5069	0
4046	507	0
4047	5070	0
4048	5071	1
4049	5072	1
4050	5073	0
4051	5075	1
4052	5076	0
4053	5077	1
4054	5078	0
4055	5079	0
4056	508	0
4057	5080	0
4058	5081	0
4059	5082	0
4060	5083	1
4061	5085	1
4062	5086	1
4063	5087	1
4064	5088	0
4065	5089	0
4066	509	0
4067	5090	1
4068	5091	0
4069	5092	5
4070	5093	1
4071	5094	3
4072	5095	0
4073	5097	0
4074	5098	1
4075	5099	0
4076	51	1
4077	510	0
4078	5100	0
4079	5101	0
4080	5102	0
4081	5103	0
4082	5104	0
4083	5105	0
4084	5106	0
4085	5107	0
4086	5108	3
4087	5109	0
4088	511	1
4089	5110	1
4090	5111	0
4091	5112	6
4092	5113	4
4093	5114	0
4094	5115	0
4095	5116	0
4096	5117	0
4097	5118	2
4098	5119	1
4099	5120	0
4100	5122	0
4101	5123	0
4102	5124	0
4103	5125	0
4104	5126	1
4105	5127	4
4106	5128	0
4107	5129	3
4108	513	5
4109	5130	1
4110	5131	1
4111	5132	0
4112	5133	0
4113	5134	1
4114	5135	1
4115	5136	1
4116	5137	0
4117	5138	1
4118	5139	1
4119	514	1
4120	5140	1
4121	5141	0
4122	5142	0
4123	5143	0
4124	5144	0
4125	5145	1
4126	5146	1
4127	5147	0
4128	5148	1
4129	5149	0
4130	515	4
4131	5151	1
4132	5152	0
4133	5153	0
4134	5154	0
4135	5155	1
4136	5156	0
4137	5157	0
4138	5158	1
4139	5159	0
4140	516	0
4141	5160	0
4142	5161	1
4143	5162	1
4144	5163	0
4145	5164	1
4146	5166	1
4147	5167	0
4148	5168	1
4149	5169	1
4150	517	1
4151	5170	0
4152	5171	0
4153	5172	0
4154	5173	0
4155	5174	0
4156	5175	0
4157	5176	1
4158	5177	1
4159	5178	0
4160	5179	1
4161	518	0
4162	5180	4
4163	5181	0
4164	5182	0
4165	5183	1
4166	5184	0
4167	5185	0
4168	5186	0
4169	5187	1
4170	5188	0
4171	5189	0
4172	519	1
4173	5190	4
4174	5191	0
4175	5192	0
4176	5193	1
4177	5194	0
4178	5195	0
4179	5196	0
4180	5197	0
4181	5198	0
4182	5199	1
4183	520	1
4184	5200	1
4185	5201	1
4186	5202	1
4187	5203	1
4188	5204	0
4189	5205	1
4190	5206	0
4191	5207	0
4192	5208	0
4193	5209	1
4194	521	0
4195	5210	0
4196	5211	0
4197	5212	1
4198	5213	0
4199	5214	4
4200	5215	0
4201	5216	0
4202	5219	0
4203	522	1
4204	5220	1
4205	5221	1
4206	5222	0
4207	5223	0
4208	5224	1
4209	5225	2
4210	5226	0
4211	5227	1
4212	5228	1
4213	5229	0
4214	523	1
4215	5230	3
4216	5231	0
4217	5232	0
4218	5233	0
4219	5234	3
4220	5235	0
4221	5236	0
4222	5237	5
4223	5238	1
4224	5239	1
4225	524	0
4226	5240	0
4227	5241	0
4228	5242	0
4229	5243	3
4230	5244	0
4231	5245	0
4232	5246	0
4233	5247	0
4234	5248	0
4235	5249	0
4236	525	4
4237	5250	3
4238	5251	0
4239	5252	1
4240	5253	1
4241	5254	2
4242	5256	0
4243	5258	0
4244	5259	0
4245	526	1
4246	5260	0
4247	5262	0
4248	5263	0
4249	5264	0
4250	5265	1
4251	5266	0
4252	5267	1
4253	5268	0
4254	5269	0
4255	527	0
4256	5270	0
4257	5272	1
4258	5273	0
4259	5274	0
4260	5276	0
4261	5277	0
4262	5278	1
4263	5279	0
4264	528	1
4265	5280	0
4266	5281	0
4267	5282	5
4268	5283	5
4269	5284	0
4270	5285	0
4271	5287	5
4272	5288	0
4273	529	0
4274	5290	1
4275	5291	0
4276	5292	0
4277	5293	0
4278	5294	0
4279	5295	1
4280	5296	1
4281	5297	4
4282	5298	0
4283	5299	5
4284	53	1
4285	5300	1
4286	5301	1
4287	5302	5
4288	5303	2
4289	5304	1
4290	5305	0
4291	5306	0
4292	5307	0
4293	5308	0
4294	5309	0
4295	531	0
4296	5310	1
4297	5311	0
4298	5312	0
4299	5313	1
4300	5314	1
4301	5315	1
4302	5316	0
4303	5317	0
4304	5318	1
4305	5319	0
4306	532	1
4307	5320	0
4308	5321	1
4309	5322	1
4310	5324	1
4311	5325	0
4312	5326	0
4313	5327	1
4314	5329	1
4315	533	0
4316	5330	5
4317	5331	1
4318	5332	0
4319	5333	1
4320	5334	1
4321	5335	0
4322	5336	0
4323	5337	0
4324	5339	1
4325	534	1
4326	5340	0
4327	5341	1
4328	5342	0
4329	5343	1
4330	5344	0
4331	5345	0
4332	5346	0
4333	5347	1
4334	5349	1
4335	535	3
4336	5350	6
4337	5351	0
4338	5352	0
4339	5353	1
4340	5354	1
4341	5355	1
4342	5356	0
4343	5357	0
4344	5358	0
4345	5359	0
4346	536	0
4347	5360	0
4348	5361	1
4349	5362	0
4350	5366	1
4351	5367	2
4352	5368	0
4353	5369	0
4354	537	6
4355	5370	0
4356	5371	1
4357	5372	0
4358	5373	0
4359	5374	0
4360	5375	1
4361	5376	1
4362	5377	1
4363	5378	1
4364	5379	2
4365	5380	0
4366	5381	0
4367	5382	1
4368	5383	0
4369	5384	0
4370	5385	1
4371	5386	1
4372	5387	0
4373	5388	0
4374	5389	0
4375	539	6
4376	5391	3
4377	5392	6
4378	5393	0
4379	5394	0
4380	5395	0
4381	5396	0
4382	5397	0
4383	5398	0
4384	5399	0
4385	54	1
4386	540	4
4387	5400	0
4388	5401	4
4389	5402	1
4390	5403	0
4391	5404	0
4392	5405	0
4393	5406	1
4394	5407	0
4395	5408	0
4396	5409	1
4397	541	0
4398	5410	1
4399	5411	0
4400	5412	0
4401	5413	0
4402	5415	0
4403	5416	0
4404	5417	0
4405	5418	1
4406	5419	1
4407	542	0
4408	5420	1
4409	5421	0
4410	5422	1
4411	5423	0
4412	5424	0
4413	5425	0
4414	5426	0
4415	5427	0
4416	5428	0
4417	5429	0
4418	543	0
4419	5430	1
4420	5432	1
4421	5433	0
4422	5435	0
4423	5436	0
4424	5437	0
4425	5438	0
4426	5439	1
4427	5440	5
4428	5441	0
4429	5442	0
4430	5443	0
4431	5444	0
4432	5445	1
4433	5446	0
4434	5447	2
4435	5449	3
4436	545	2
4437	5450	0
4438	5451	0
4439	5452	0
4440	5453	0
4441	5454	4
4442	5455	0
4443	5456	0
4444	5457	5
4445	5458	0
4446	5459	0
4447	546	1
4448	5460	0
4449	5461	1
4450	5462	0
4451	5463	0
4452	5464	1
4453	5465	0
4454	5466	3
4455	5467	0
4456	5468	0
4457	5469	0
4458	547	6
4459	5470	0
4460	5471	0
4461	5472	1
4462	5473	0
4463	5474	0
4464	5475	1
4465	5476	0
4466	5478	0
4467	5479	1
4468	548	0
4469	5480	0
4470	5482	1
4471	5483	0
4472	5484	4
4473	5485	1
4474	5486	2
4475	5487	1
4476	5488	4
4477	5489	1
4478	549	3
4479	5490	5
4480	5491	0
4481	5492	0
4482	5493	2
4483	5494	0
4484	5496	0
4485	5497	0
4486	5498	6
4487	5499	1
4488	55	0
4489	550	0
4490	5500	0
4491	5501	0
4492	5502	5
4493	5503	0
4494	5504	0
4495	5505	1
4496	5506	0
4497	5508	1
4498	5509	0
4499	5510	0
4500	5511	0
4501	5512	0
4502	5513	1
4503	5515	0
4504	5516	1
4505	5517	0
4506	5518	0
4507	5519	1
4508	552	1
4509	5520	0
4510	5521	0
4511	5522	1
4512	5523	0
4513	5524	1
4514	5525	0
4515	5526	3
4516	5527	1
4517	5528	0
4518	553	0
4519	5531	0
4520	5532	5
4521	5533	0
4522	5534	0
4523	5535	1
4524	5536	0
4525	5537	1
4526	5538	0
4527	5539	5
4528	554	1
4529	5540	1
4530	5541	0
4531	5543	0
4532	5544	0
4533	5545	1
4534	5546	1
4535	5548	0
4536	5549	1
4537	555	0
4538	5550	0
4539	5551	0
4540	5552	0
4541	5553	4
4542	5554	0
4543	5555	1
4544	5556	1
4545	5557	0
4546	5558	0
4547	5559	1
4548	556	5
4549	5560	1
4550	5562	0
4551	5563	0
4552	5565	0
4553	5567	1
4554	5568	0
4555	5569	0
4556	5570	1
4557	5571	0
4558	5572	0
4559	5573	1
4560	5574	1
4561	5575	1
4562	5576	0
4563	5577	4
4564	5578	5
4565	5579	1
4566	558	0
4567	5580	1
4568	5581	1
4569	5582	1
4570	5583	1
4571	5584	2
4572	5585	1
4573	5586	1
4574	5587	0
4575	5588	1
4576	5589	4
4577	559	1
4578	5590	0
4579	5591	0
4580	5592	1
4581	5593	1
4582	5595	0
4583	5596	2
4584	5598	4
4585	5599	4
4586	56	1
4587	560	1
4588	5600	1
4589	5601	1
4590	5602	2
4591	5603	1
4592	5604	0
4593	5605	1
4594	5606	0
4595	5607	1
4596	5608	1
4597	561	6
4598	5610	0
4599	5611	0
4600	5612	1
4601	5613	0
4602	5614	0
4603	5615	4
4604	5616	0
4605	5617	0
4606	5618	3
4607	5619	0
4608	562	1
4609	5620	0
4610	5621	0
4611	5622	0
4612	5623	0
4613	5624	1
4614	5625	1
4615	5627	1
4616	5628	0
4617	5629	1
4618	563	1
4619	5630	0
4620	5631	0
4621	5632	1
4622	5633	0
4623	5635	0
4624	5636	0
4625	5637	0
4626	5638	1
4627	5639	1
4628	564	0
4629	5640	1
4630	5641	2
4631	5642	1
4632	5644	0
4633	5645	0
4634	5646	0
4635	5647	0
4636	5648	1
4637	565	0
4638	5650	1
4639	5651	1
4640	5652	1
4641	5653	0
4642	5655	1
4643	5656	2
4644	5657	0
4645	5659	1
4646	566	0
4647	5660	0
4648	5661	1
4649	5662	0
4650	5663	2
4651	5664	0
4652	5665	0
4653	5666	1
4654	5667	0
4655	5668	0
4656	5669	0
4657	567	1
4658	5670	1
4659	5671	0
4660	5672	1
4661	5673	0
4662	5674	0
4663	5675	0
4664	5676	0
4665	5677	0
4666	5678	0
4667	5679	0
4668	568	0
4669	5680	0
4670	5681	0
4671	5682	0
4672	5683	2
4673	5684	1
4674	5685	0
4675	5686	6
4676	5687	4
4677	5688	0
4678	5689	0
4679	569	5
4680	5690	0
4681	5691	1
4682	5692	4
4683	5693	1
4684	5694	0
4685	5695	0
4686	5696	0
4687	5697	0
4688	5698	0
4689	5699	0
4690	57	0
4691	570	0
4692	5700	1
4693	5701	4
4694	5702	1
4695	5703	1
4696	5704	0
4697	5705	0
4698	5706	1
4699	5707	0
4700	5708	1
4701	5709	4
4702	571	3
4703	5711	1
4704	5712	0
4705	5713	0
4706	5714	1
4707	5715	0
4708	5716	1
4709	5717	1
4710	5718	0
4711	5719	0
4712	572	0
4713	5720	0
4714	5721	0
4715	5722	0
4716	5723	0
4717	5724	1
4718	5725	0
4719	5726	0
4720	5727	1
4721	5728	1
4722	5729	0
4723	573	0
4724	5730	1
4725	5731	1
4726	5733	1
4727	5734	0
4728	5735	6
4729	5736	1
4730	5737	0
4731	5738	0
4732	5739	0
4733	574	1
4734	5740	0
4735	5741	0
4736	5742	1
4737	5743	0
4738	5744	6
4739	5745	1
4740	5746	1
4741	5747	3
4742	5748	5
4743	5749	0
4744	575	0
4745	5750	1
4746	5751	1
4747	5752	0
4748	5753	0
4749	5754	0
4750	5756	1
4751	5757	1
4752	5758	0
4753	5759	0
4754	576	1
4755	5760	1
4756	5761	1
4757	5762	1
4758	5764	1
4759	5765	0
4760	5767	1
4761	5768	4
4762	5769	0
4763	577	0
4764	5770	0
4765	5771	1
4766	5772	1
4767	5773	4
4768	5774	3
4769	5775	0
4770	5777	3
4771	5778	0
4772	5779	2
4773	578	1
4774	5780	0
4775	5781	0
4776	5782	0
4777	5783	1
4778	5784	1
4779	5785	1
4780	5786	0
4781	5787	4
4782	5788	0
4783	5789	0
4784	579	0
4785	5790	1
4786	5791	1
4787	5792	6
4788	5793	1
4789	5794	0
4790	5795	0
4791	5796	1
4792	5797	4
4793	5798	0
4794	5799	1
4795	58	0
4796	5800	0
4797	5801	0
4798	5802	1
4799	5803	1
4800	5804	1
4801	5805	0
4802	5807	0
4803	581	0
4804	5811	1
4805	5813	0
4806	5814	1
4807	5815	0
4808	5816	0
4809	5817	1
4810	5819	1
4811	582	1
4812	5821	1
4813	5822	0
4814	5823	4
4815	5824	0
4816	5825	1
4817	5826	1
4818	5827	1
4819	5828	1
4820	5829	1
4821	583	0
4822	5830	0
4823	5831	0
4824	5832	0
4825	5833	0
4826	5835	1
4827	5836	0
4828	5837	0
4829	5838	1
4830	5839	0
4831	584	0
4832	5840	0
4833	5841	0
4834	5842	0
4835	5843	1
4836	5844	6
4837	5845	0
4838	5846	1
4839	5848	0
4840	5849	3
4841	585	0
4842	5850	1
4843	5851	0
4844	5852	0
4845	5853	0
4846	5854	0
4847	5855	0
4848	5857	0
4849	5859	0
4850	586	1
4851	5860	0
4852	5862	3
4853	5863	0
4854	5864	1
4855	5865	1
4856	5866	1
4857	5868	0
4858	5869	1
4859	587	0
4860	5870	0
4861	5871	1
4862	5872	0
4863	5873	1
4864	5874	1
4865	5875	0
4866	5876	0
4867	5877	0
4868	5878	1
4869	5879	0
4870	588	1
4871	5880	1
4872	5881	0
4873	5882	1
4874	5883	1
4875	5884	3
4876	5885	0
4877	5886	0
4878	5887	1
4879	5888	0
4880	5889	1
4881	589	0
4882	5890	1
4883	5891	0
4884	5892	0
4885	5893	2
4886	5894	0
4887	5895	0
4888	5896	1
4889	5897	1
4890	5898	0
4891	5899	6
4892	59	0
4893	5900	2
4894	5901	0
4895	5902	0
4896	5903	0
4897	5904	1
4898	5905	1
4899	5906	0
4900	5907	4
4901	5908	1
4902	591	0
4903	5910	1
4904	5911	0
4905	5912	0
4906	5913	0
4907	5914	0
4908	5915	0
4909	5916	4
4910	5917	1
4911	5918	1
4912	5919	0
4913	5920	0
4914	5921	0
4915	5922	1
4916	5923	0
4917	5924	0
4918	5925	0
4919	5926	3
4920	5927	0
4921	5928	1
4922	5929	0
4923	593	4
4924	5930	0
4925	5931	2
4926	5932	1
4927	5933	1
4928	5934	4
4929	5935	0
4930	5936	0
4931	5937	0
4932	5938	1
4933	5939	6
4934	594	0
4935	5940	1
4936	5941	0
4937	5942	1
4938	5943	4
4939	5944	0
4940	5945	0
4941	5946	0
4942	5947	0
4943	5948	1
4944	5949	0
4945	595	0
4946	5950	0
4947	5951	1
4948	5952	0
4949	5953	0
4950	5954	0
4951	5956	0
4952	5957	1
4953	5958	0
4954	5959	0
4955	596	1
4956	5960	4
4957	5962	1
4958	5963	0
4959	5964	4
4960	5965	0
4961	5966	1
4962	5967	1
4963	5968	5
4964	5969	1
4965	597	3
4966	5970	6
4967	5971	1
4968	5972	3
4969	5973	1
4970	5974	1
4971	5975	0
4972	5976	0
4973	5977	0
4974	5978	1
4975	5979	0
4976	5980	1
4977	5982	1
4978	5983	0
4979	5984	0
4980	5985	0
4981	5986	0
4982	5988	1
4983	5989	1
4984	599	0
4985	5990	0
4986	5992	3
4987	5993	1
4988	5994	1
4989	5995	0
4990	5996	1
4991	5997	0
4992	5998	1
4993	5999	0
4994	6	1
4995	60	0
4996	600	0
4997	6000	0
4998	6001	1
4999	6002	0
5000	6003	0
5001	6004	1
5002	6006	0
5003	601	4
5004	6010	5
5005	6011	0
5006	6012	6
5007	6013	1
5008	6015	2
5009	6016	0
5010	6017	5
5011	6019	1
5012	6020	0
5013	6021	1
5014	6022	0
5015	6023	1
5016	6024	1
5017	6025	0
5018	6026	0
5019	6027	0
5020	6028	1
5021	6029	4
5022	603	0
5023	6031	1
5024	6032	0
5025	6033	1
5026	6034	0
5027	6035	1
5028	6037	0
5029	6038	0
5030	6039	5
5031	604	1
5032	6040	1
5033	6041	0
5034	6042	1
5035	6043	0
5036	6044	0
5037	6045	1
5038	6046	4
5039	6048	0
5040	6049	0
5041	605	1
5042	6050	0
5043	6051	0
5044	6052	6
5045	6054	3
5046	6055	0
5047	6056	0
5048	6057	0
5049	6058	0
5050	6059	0
5051	606	0
5052	6061	0
5053	6062	1
5054	6064	4
5055	6065	0
5056	6066	0
5057	6067	0
5058	6068	0
5059	607	0
5060	6071	0
5061	6072	3
5062	6073	1
5063	6074	0
5064	6075	4
5065	6076	1
5066	6077	0
5067	6078	0
5068	6079	1
5069	608	0
5070	6080	0
5071	6081	0
5072	6083	0
5073	6084	0
5074	6085	1
5075	6086	0
5076	6088	1
5077	6089	0
5078	609	0
5079	6090	1
5080	6091	0
5081	6092	0
5082	6093	4
5083	6094	0
5084	6095	0
5085	6096	0
5086	6097	1
5087	6098	0
5088	6099	4
5089	610	0
5090	6100	1
5091	6101	1
5092	6103	0
5093	6104	1
5094	6105	0
5095	6106	0
5096	6107	0
5097	6108	1
5098	6109	0
5099	611	0
5100	6110	1
5101	6111	3
5102	6112	0
5103	6113	0
5104	6114	1
5105	6115	0
5106	6116	1
5107	6117	2
5108	6118	1
5109	6119	0
5110	612	1
5111	6121	0
5112	6122	0
5113	6123	0
5114	6124	1
5115	6125	1
5116	6126	1
5117	6127	1
5118	6128	0
5119	6129	0
5120	613	0
5121	6130	0
5122	6131	0
5123	6133	2
5124	6134	1
5125	6135	1
5126	6136	0
5127	6137	0
5128	6138	4
5129	614	0
5130	6140	0
5131	6142	1
5132	6143	3
5133	6145	5
5134	6147	0
5135	6148	0
5136	615	3
5137	6150	0
5138	6151	0
5139	6152	0
5140	6153	0
5141	6154	0
5142	6156	4
5143	6157	2
5144	6158	0
5145	6159	4
5146	616	0
5147	6160	1
5148	6161	0
5149	6162	0
5150	6163	1
5151	6164	0
5152	6165	5
5153	6166	0
5154	6167	1
5155	6168	0
5156	6169	2
5157	617	0
5158	6170	3
5159	6171	1
5160	6172	1
5161	6173	0
5162	6174	0
5163	6175	1
5164	6176	0
5165	6177	0
5166	6179	0
5167	618	0
5168	6180	0
5169	6181	1
5170	6182	1
5171	6183	1
5172	6184	1
5173	6185	1
5174	6186	0
5175	6187	1
5176	6188	1
5177	6189	0
5178	619	0
5179	6190	0
5180	6192	2
5181	6193	0
5182	6194	0
5183	6195	0
5184	6197	1
5185	6198	1
5186	6199	2
5187	62	0
5188	620	0
5189	6200	0
5190	6201	4
5191	6202	0
5192	6203	0
5193	6204	0
5194	6205	0
5195	6206	1
5196	6207	1
5197	6208	0
5198	6209	4
5199	621	0
5200	6210	3
5201	6211	0
5202	6212	1
5203	6213	1
5204	6214	0
5205	6215	0
5206	6216	0
5207	6217	0
5208	6218	3
5209	6219	1
5210	622	1
5211	6220	1
5212	6221	0
5213	6222	1
5214	6223	0
5215	6224	1
5216	6225	0
5217	6226	1
5218	6227	0
5219	6228	1
5220	6229	3
5221	623	1
5222	6231	0
5223	6233	0
5224	6234	0
5225	6235	4
5226	6236	0
5227	6238	1
5228	6239	0
5229	624	1
5230	6240	0
5231	6241	0
5232	6242	1
5233	6243	0
5234	6244	0
5235	6245	1
5236	6246	0
5237	6248	1
5238	6249	0
5239	625	1
5240	6250	3
5241	6251	0
5242	6252	1
5243	6253	1
5244	6254	0
5245	6256	1
5246	6258	1
5247	6260	1
5248	6261	0
5249	6262	1
5250	6263	0
5251	6264	1
5252	6266	0
5253	6268	1
5254	627	3
5255	6270	0
5256	6271	2
5257	6272	0
5258	6273	0
5259	6277	1
5260	6278	0
5261	6279	1
5262	628	1
5263	6280	0
5264	6282	1
5265	6283	0
5266	6284	1
5267	6285	1
5268	6286	0
5269	6287	1
5270	6288	0
5271	6289	0
5272	629	1
5273	6290	0
5274	6291	0
5275	6292	1
5276	6294	0
5277	6297	0
5278	6298	1
5279	6299	0
5280	63	0
5281	630	1
5282	6300	0
5283	6301	5
5284	6302	4
5285	6304	1
5286	6306	0
5287	6307	1
5288	6308	1
5289	6309	0
5290	631	0
5291	6310	0
5292	6311	0
5293	6313	1
5294	6314	0
5295	6315	0
5296	6317	2
5297	6318	0
5298	6319	0
5299	632	0
5300	6320	0
5301	6321	0
5302	6322	1
5303	6323	1
5304	6324	0
5305	6325	0
5306	6326	0
5307	6327	0
5308	6328	0
5309	6329	0
5310	633	2
5311	6330	0
5312	6334	4
5313	6335	0
5314	6336	0
5315	6337	0
5316	6338	1
5317	6339	0
5318	634	1
5319	6341	1
5320	6345	1
5321	6346	1
5322	6347	1
5323	6349	0
5324	635	0
5325	6350	1
5326	6351	1
5327	6352	1
5328	6353	4
5329	6354	0
5330	6355	1
5331	6356	1
5332	6357	0
5333	6358	3
5334	6359	0
5335	6361	0
5336	6362	1
5337	6363	1
5338	6364	1
5339	6366	1
5340	6367	0
5341	6368	0
5342	6369	1
5343	6370	0
5344	6371	0
5345	6372	0
5346	6373	1
5347	6374	0
5348	6375	1
5349	6376	0
5350	6377	1
5351	6378	0
5352	6379	0
5353	638	4
5354	6380	0
5355	6381	0
5356	6382	0
5357	6383	1
5358	6384	0
5359	6385	0
5360	6386	0
5361	6387	0
5362	6388	0
5363	6389	0
5364	639	0
5365	6390	0
5366	6391	0
5367	6392	0
5368	6393	1
5369	6394	1
5370	6395	0
5371	6396	0
5372	6397	0
5373	6398	1
5374	6399	0
5375	64	0
5376	640	1
5377	6400	0
5378	6401	0
5379	6402	0
5380	6403	0
5381	6404	1
5382	6405	4
5383	6406	1
5384	6407	4
5385	6408	1
5386	6409	0
5387	641	0
5388	6411	1
5389	6412	0
5390	6413	0
5391	6414	0
5392	6415	0
5393	6416	0
5394	6417	0
5395	6418	0
5396	6419	0
5397	642	0
5398	6420	4
5399	6421	1
5400	6423	2
5401	6424	0
5402	6425	1
5403	6426	1
5404	6427	0
5405	6428	5
5406	6429	1
5407	643	1
5408	6430	1
5409	6431	0
5410	6432	0
5411	6433	2
5412	6434	0
5413	6435	1
5414	6436	0
5415	6437	0
5416	6439	0
5417	644	0
5418	6441	0
5419	6442	1
5420	6443	3
5421	6444	0
5422	6446	0
5423	6447	3
5424	6448	1
5425	6449	0
5426	645	0
5427	6450	0
5428	6451	1
5429	6452	0
5430	6453	2
5431	6454	0
5432	6455	0
5433	6456	1
5434	6457	0
5435	6458	0
5436	6459	0
5437	646	1
5438	6460	1
5439	6461	0
5440	6462	0
5441	6463	1
5442	6464	5
5443	6465	1
5444	6466	4
5445	6467	1
5446	6469	0
5447	647	0
5448	6470	1
5449	6471	1
5450	6472	1
5451	6473	0
5452	6476	0
5453	6477	1
5454	6479	0
5455	648	1
5456	6480	0
5457	6481	0
5458	6482	0
5459	6483	0
5460	6484	1
5461	6485	0
5462	6486	1
5463	6487	0
5464	6488	1
5465	649	0
5466	6490	0
5467	6491	0
5468	6492	1
5469	6493	1
5470	6494	0
5471	6495	0
5472	6496	0
5473	6498	1
5474	6499	1
5475	65	3
5476	650	0
5477	6500	0
5478	6501	1
5479	6502	0
5480	6503	0
5481	6504	1
5482	6505	1
5483	6509	0
5484	651	1
5485	6510	0
5486	6511	0
5487	6512	0
5488	6513	0
5489	6514	1
5490	6515	1
5491	6516	0
5492	6517	1
5493	6519	1
5494	6520	3
5495	6521	0
5496	6522	0
5497	6523	0
5498	6524	1
5499	6525	0
5500	6526	0
5501	6527	1
5502	6528	1
5503	6529	4
5504	653	1
5505	6530	0
5506	6531	0
5507	6532	0
5508	6533	1
5509	6534	1
5510	6535	0
5511	6536	1
5512	6538	0
5513	6539	1
5514	654	1
5515	6540	1
5516	6541	3
5517	6542	1
5518	6544	0
5519	6545	2
5520	6546	6
5521	6547	1
5522	6548	5
5523	6549	0
5524	655	1
5525	6550	1
5526	6551	0
5527	6552	2
5528	6553	0
5529	6554	0
5530	6555	0
5531	6556	5
5532	6557	0
5533	6558	0
5534	6559	0
5535	656	0
5536	6560	0
5537	6561	0
5538	6562	0
5539	6564	0
5540	6565	1
5541	6566	0
5542	6567	0
5543	6568	0
5544	6569	0
5545	657	3
5546	6570	0
5547	6571	0
5548	6572	0
5549	6574	4
5550	6575	1
5551	6576	0
5552	6577	1
5553	6578	1
5554	6579	0
5555	658	0
5556	6580	1
5557	6581	1
5558	6582	4
5559	6583	0
5560	6584	1
5561	6585	1
5562	6586	0
5563	6587	0
5564	6588	2
5565	6589	0
5566	659	0
5567	6590	1
5568	6591	1
5569	6592	1
5570	6593	1
5571	6595	1
5572	6596	0
5573	6597	1
5574	6598	0
5575	66	1
5576	660	1
5577	6600	0
5578	6601	1
5579	6602	1
5580	6603	1
5581	6604	1
5582	6605	4
5583	6606	1
5584	6608	0
5585	6609	0
5586	661	1
5587	6610	1
5588	6612	0
5589	6613	0
5590	6614	1
5591	6615	0
5592	6616	3
5593	6617	1
5594	6618	0
5595	662	0
5596	6620	1
5597	6621	1
5598	6622	1
5599	6623	0
5600	6624	1
5601	6625	4
5602	6626	4
5603	6627	0
5604	6628	1
5605	6629	4
5606	663	0
5607	6630	0
5608	6631	1
5609	6632	5
5610	6633	0
5611	6634	1
5612	6635	0
5613	6636	1
5614	6637	0
5615	6638	0
5616	6639	3
5617	664	1
5618	6640	0
5619	6641	1
5620	6642	0
5621	6643	1
5622	6644	1
5623	6645	5
5624	6646	1
5625	6647	0
5626	6649	0
5627	665	4
5628	6650	0
5629	6652	3
5630	6653	1
5631	6654	1
5632	6655	1
5633	6656	0
5634	6657	2
5635	6659	0
5636	666	4
5637	6660	0
5638	6661	1
5639	6662	1
5640	6663	0
5641	6664	0
5642	6666	0
5643	6669	1
5644	667	1
5645	6670	1
5646	6671	0
5647	6672	0
5648	6673	4
5649	6674	0
5650	6675	1
5651	6676	1
5652	6677	0
5653	6678	1
5654	6679	1
5655	668	0
5656	6680	0
5657	6681	4
5658	6683	0
5659	6684	1
5660	6685	4
5661	6686	1
5662	6687	1
5663	6688	1
5664	6689	1
5665	669	4
5666	6690	4
5667	6691	0
5668	6692	0
5669	6693	0
5670	6694	0
5671	6695	1
5672	6696	0
5673	6697	0
5674	6698	0
5675	67	1
5676	670	1
5677	6700	0
5678	6701	0
5679	6702	1
5680	6703	0
5681	6704	0
5682	6705	1
5683	6706	1
5684	6707	0
5685	6708	1
5686	6709	0
5687	671	0
5688	6710	1
5689	6711	0
5690	6712	0
5691	6713	0
5692	6714	4
5693	6715	1
5694	6716	0
5695	6717	0
5696	6718	0
5697	6719	2
5698	672	1
5699	6720	0
5700	6721	0
5701	6722	1
5702	6724	0
5703	6725	1
5704	6726	0
5705	6727	1
5706	6728	0
5707	6729	0
5708	673	1
5709	6730	0
5710	6732	0
5711	6733	1
5712	6734	3
5713	6735	1
5714	6736	1
5715	6738	0
5716	6739	0
5717	674	0
5718	6740	1
5719	6741	0
5720	6742	0
5721	6743	0
5722	6744	2
5723	6745	0
5724	6746	0
5725	6748	0
5726	6749	1
5727	675	0
5728	6750	1
5729	6751	0
5730	6752	3
5731	6753	5
5732	6754	0
5733	6755	0
5734	6758	0
5735	6759	0
5736	676	0
5737	6760	1
5738	6761	1
5739	6762	0
5740	6763	1
5741	6765	1
5742	6766	1
5743	6767	0
5744	6768	0
5745	6769	1
5746	677	0
5747	6770	3
5748	6771	0
5749	6772	1
5750	6774	0
5751	6775	0
5752	6777	1
5753	6778	0
5754	678	1
5755	6780	1
5756	6781	1
5757	6782	0
5758	6783	0
5759	6784	0
5760	6786	0
5761	6787	0
5762	6788	0
5763	679	0
5764	6790	1
5765	6791	1
5766	6792	1
5767	6793	2
5768	6794	0
5769	6796	0
5770	6797	1
5771	680	1
5772	6800	4
5773	6803	1
5774	6805	1
5775	6807	0
5776	6808	0
5777	6809	0
5778	681	0
5779	6810	1
5780	6811	0
5781	6812	0
5782	6813	0
5783	6815	1
5784	6816	1
5785	6817	1
5786	6818	0
5787	6819	5
5788	682	0
5789	6820	0
5790	6821	2
5791	6822	2
5792	6823	1
5793	6825	1
5794	6826	0
5795	6827	6
5796	6828	0
5797	6831	1
5798	6832	1
5799	6833	0
5800	6835	0
5801	6836	1
5802	6837	1
5803	6838	0
5804	6839	0
5805	684	0
5806	6840	1
5807	6841	0
5808	6843	2
5809	6844	0
5810	6845	0
5811	6846	1
5812	6847	0
5813	6848	1
5814	6849	1
5815	685	0
5816	6850	1
5817	6851	1
5818	6852	0
5819	6853	1
5820	6854	1
5821	6855	0
5822	6856	1
5823	6857	0
5824	6858	0
5825	6859	0
5826	686	1
5827	6860	0
5828	6861	2
5829	6862	0
5830	6863	1
5831	6865	4
5832	6866	0
5833	6867	1
5834	6868	0
5835	6869	0
5836	687	6
5837	6870	1
5838	6871	1
5839	6872	0
5840	6873	0
5841	6874	3
5842	6876	1
5843	6877	0
5844	6878	1
5845	688	1
5846	6881	0
5847	6882	4
5848	6883	1
5849	6884	1
5850	6885	0
5851	6886	0
5852	6887	0
5853	6888	0
5854	6889	0
5855	689	0
5856	6891	2
5857	6893	1
5858	6894	0
5859	6895	0
5860	6896	0
5861	6897	0
5862	6898	0
5863	6899	0
5864	69	0
5865	690	0
5866	6900	1
5867	6901	0
5868	6902	5
5869	6905	1
5870	6906	4
5871	6907	4
5872	6908	0
5873	6909	5
5874	691	0
5875	6910	0
5876	6911	0
5877	6912	0
5878	6913	0
5879	6914	1
5880	6915	0
5881	6917	0
5882	6918	0
5883	6919	0
5884	692	0
5885	6920	0
5886	6922	0
5887	6923	0
5888	6924	0
5889	6925	0
5890	6926	0
5891	6930	1
5892	6932	0
5893	6933	0
5894	6934	0
5895	6935	0
5896	6937	1
5897	6938	1
5898	6939	0
5899	694	0
5900	6941	0
5901	6942	0
5902	6944	1
5903	6945	1
5904	6946	2
5905	6948	1
5906	6949	0
5907	695	0
5908	6950	0
5909	6951	0
5910	6952	0
5911	6953	0
5912	6954	1
5913	6955	1
5914	6957	1
5915	6959	0
5916	696	0
5917	6960	0
5918	6961	0
5919	6962	1
5920	6964	1
5921	6965	0
5922	6967	1
5923	6968	0
5924	6969	1
5925	697	1
5926	6971	0
5927	6972	1
5928	6974	0
5929	6975	1
5930	6976	0
5931	6977	1
5932	6978	0
5933	6979	1
5934	698	0
5935	6980	0
5936	6981	1
5937	6982	0
5938	6983	0
5939	6984	0
5940	6985	1
5941	6986	0
5942	6987	0
5943	6988	0
5944	6989	0
5945	699	1
5946	6990	1
5947	6991	1
5948	6992	0
5949	6993	0
5950	6994	1
5951	6995	0
5952	6996	0
5953	6997	1
5954	6998	0
5955	6999	5
5956	7	0
5957	70	0
5958	700	1
5959	7000	0
5960	7001	1
5961	7002	0
5962	7003	1
5963	7004	0
5964	7005	1
5965	7006	0
5966	7007	3
5967	7008	1
5968	7009	1
5969	7010	1
5970	7011	0
5971	7012	0
5972	7013	0
5973	7014	0
5974	7015	4
5975	7016	0
5976	7017	2
5977	7018	0
5978	7019	0
5979	702	1
5980	7020	1
5981	7021	1
5982	7022	0
5983	7023	0
5984	7024	0
5985	7025	1
5986	7026	1
5987	7027	0
5988	7028	0
5989	7029	0
5990	703	0
5991	7030	4
5992	7032	0
5993	7033	1
5994	7034	1
5995	7035	1
5996	7036	1
5997	7037	4
5998	7038	1
5999	7039	1
6000	704	0
6001	7040	1
6002	7041	0
6003	7042	0
6004	7043	0
6005	7044	1
6006	7045	0
6007	7046	1
6008	7047	1
6009	7048	1
6010	7049	0
6011	705	1
6012	7051	2
6013	7053	4
6014	7054	1
6015	7055	1
6016	7056	0
6017	7057	0
6018	7058	0
6019	7059	0
6020	706	0
6021	7060	1
6022	7061	1
6023	7062	0
6024	7063	0
6025	7064	1
6026	7065	1
6027	7066	0
6028	7067	0
6029	7068	0
6030	7069	0
6031	707	0
6032	7070	1
6033	7071	0
6034	7072	0
6035	7073	1
6036	7075	0
6037	7076	0
6038	7077	0
6039	7078	0
6040	7079	0
6041	708	1
6042	7080	0
6043	7081	2
6044	7082	1
6045	7083	4
6046	7084	0
6047	7085	3
6048	7086	0
6049	7087	0
6050	7088	0
6051	7089	1
6052	7090	1
6053	7091	1
6054	7092	0
6055	7093	1
6056	7094	0
6057	7096	0
6058	7097	5
6059	7098	1
6060	7099	0
6061	71	0
6062	710	0
6063	7100	1
6064	7101	1
6065	7102	0
6066	7103	1
6067	7104	3
6068	7105	0
6069	7106	1
6070	7107	1
6071	7108	0
6072	7109	0
6073	711	1
6074	7111	0
6075	7112	1
6076	7113	0
6077	7114	0
6078	7115	1
6079	7116	0
6080	7117	1
6081	7118	0
6082	7119	0
6083	712	3
6084	7120	1
6085	7121	0
6086	7122	0
6087	7123	0
6088	7124	2
6089	7125	0
6090	7126	0
6091	7128	0
6092	7129	1
6093	713	1
6094	7130	0
6095	7131	1
6096	7132	0
6097	7135	1
6098	7136	1
6099	7137	0
6100	7138	4
6101	7139	0
6102	714	4
6103	7140	1
6104	7141	1
6105	7142	0
6106	7143	0
6107	7144	0
6108	7145	0
6109	7147	4
6110	7148	0
6111	7149	0
6112	715	1
6113	7150	1
6114	7151	4
6115	7152	1
6116	7153	0
6117	7154	0
6118	7155	1
6119	7156	1
6120	7157	1
6121	7158	1
6122	7159	1
6123	716	0
6124	7160	1
6125	7161	0
6126	7163	0
6127	7164	1
6128	7165	0
6129	7166	4
6130	7167	2
6131	7168	2
6132	717	1
6133	7170	1
6134	7171	0
6135	7172	1
6136	7173	0
6137	7174	0
6138	7175	1
6139	7176	0
6140	7177	3
6141	7179	0
6142	718	0
6143	7180	0
6144	7181	5
6145	7182	0
6146	7183	0
6147	7184	0
6148	7185	1
6149	7186	0
6150	7187	0
6151	7188	0
6152	7189	0
6153	7190	3
6154	7191	0
6155	7192	1
6156	7193	3
6157	7194	1
6158	7195	2
6159	7196	0
6160	7197	0
6161	7199	0
6162	72	1
6163	720	0
6164	7200	0
6165	7201	0
6166	7202	0
6167	7203	0
6168	7204	0
6169	7205	0
6170	7206	0
6171	7207	4
6172	7208	0
6173	7209	1
6174	721	1
6175	7211	0
6176	7212	1
6177	7213	1
6178	7214	1
6179	7215	2
6180	7216	1
6181	7217	1
6182	7218	0
6183	7219	1
6184	722	0
6185	7220	0
6186	7221	1
6187	7222	0
6188	7223	1
6189	7224	1
6190	7225	6
6191	7226	4
6192	7227	0
6193	7228	1
6194	723	0
6195	7230	0
6196	7231	3
6197	7233	0
6198	7235	0
6199	7236	1
6200	7238	1
6201	7239	1
6202	7240	0
6203	7241	4
6204	7242	0
6205	7243	1
6206	7244	0
6207	7245	3
6208	7247	1
6209	7248	0
6210	7249	0
6211	725	2
6212	7250	1
6213	7251	1
6214	7252	0
6215	7253	0
6216	7254	1
6217	7255	1
6218	7257	0
6219	7258	0
6220	7259	0
6221	726	1
6222	7261	2
6223	7262	5
6224	7263	0
6225	7264	0
6226	7266	4
6227	7267	4
6228	7269	0
6229	727	0
6230	7270	6
6231	7271	0
6232	7272	3
6233	7273	0
6234	7274	1
6235	7275	0
6236	7276	0
6237	7277	0
6238	7278	0
6239	7279	4
6240	728	0
6241	7280	0
6242	7281	3
6243	7282	1
6244	7283	4
6245	7284	0
6246	7285	1
6247	7286	1
6248	7287	0
6249	7288	1
6250	7289	0
6251	729	1
6252	7290	0
6253	7291	0
6254	7292	0
6255	7293	0
6256	7294	1
6257	7295	0
6258	7296	0
6259	7297	0
6260	7298	1
6261	7299	0
6262	73	0
6263	730	1
6264	7300	0
6265	7302	1
6266	7303	1
6267	7304	1
6268	7305	1
6269	7306	1
6270	7307	1
6271	7308	0
6272	7309	1
6273	731	0
6274	7310	0
6275	7311	0
6276	7312	0
6277	7313	0
6278	7314	0
6279	7315	0
6280	7316	0
6281	7317	0
6282	7319	5
6283	7320	0
6284	7321	6
6285	7322	0
6286	7324	1
6287	7325	0
6288	7326	0
6289	7327	1
6290	7328	1
6291	7329	0
6292	733	1
6293	7330	0
6294	7334	1
6295	7335	1
6296	7336	0
6297	7337	0
6298	7338	0
6299	7339	1
6300	734	0
6301	7340	0
6302	7341	1
6303	7342	1
6304	7343	0
6305	7344	0
6306	7345	0
6307	7346	1
6308	7347	0
6309	7348	0
6310	7349	2
6311	735	0
6312	7351	5
6313	7352	0
6314	7353	0
6315	7354	0
6316	7355	6
6317	7356	0
6318	7357	1
6319	7358	0
6320	7359	1
6321	736	6
6322	7360	4
6323	7361	0
6324	7362	6
6325	7363	0
6326	7364	1
6327	7365	1
6328	7366	0
6329	7367	0
6330	7368	3
6331	7369	0
6332	737	0
6333	7370	0
6334	7371	0
6335	7372	0
6336	7373	0
6337	7376	1
6338	7377	1
6339	7378	1
6340	7379	1
6341	738	1
6342	7380	0
6343	7381	0
6344	7382	1
6345	7383	5
6346	7384	0
6347	7385	1
6348	7386	1
6349	7387	1
6350	7388	2
6351	7389	1
6352	739	0
6353	7390	1
6354	7391	3
6355	7392	1
6356	7393	0
6357	7394	0
6358	7395	1
6359	7396	1
6360	7397	1
6361	7399	0
6362	74	1
6363	740	1
6364	7400	0
6365	7401	4
6366	7402	1
6367	7403	0
6368	7404	0
6369	7405	0
6370	7407	0
6371	7408	4
6372	7409	4
6373	741	1
6374	7410	1
6375	7411	1
6376	7413	1
6377	7414	0
6378	7415	1
6379	7416	0
6380	7418	1
6381	742	0
6382	7420	0
6383	7421	0
6384	7422	5
6385	7423	1
6386	7424	1
6387	7425	0
6388	7426	0
6389	7428	1
6390	7429	0
6391	743	0
6392	7430	0
6393	7431	0
6394	7432	1
6395	7433	4
6396	7434	1
6397	7435	1
6398	7436	0
6399	7437	0
6400	7438	1
6401	7439	0
6402	744	0
6403	7441	0
6404	7442	6
6405	7443	1
6406	7444	1
6407	7445	0
6408	7446	0
6409	7447	0
6410	7449	1
6411	745	0
6412	7450	0
6413	7451	1
6414	7452	0
6415	7454	5
6416	7455	0
6417	7456	1
6418	7457	1
6419	7458	1
6420	7459	1
6421	746	0
6422	7460	1
6423	7461	0
6424	7462	1
6425	7463	0
6426	7464	4
6427	7465	0
6428	7466	0
6429	7467	0
6430	7468	1
6431	7469	3
6432	747	0
6433	7470	4
6434	7471	0
6435	7472	1
6436	7473	0
6437	7474	0
6438	7475	0
6439	7476	0
6440	7477	1
6441	7478	1
6442	7479	0
6443	748	0
6444	7480	1
6445	7481	0
6446	7482	0
6447	7483	0
6448	7484	0
6449	7485	1
6450	7486	5
6451	7487	5
6452	7488	1
6453	749	1
6454	7490	3
6455	7491	0
6456	7492	3
6457	7493	0
6458	7494	0
6459	7495	0
6460	7496	1
6461	7497	1
6462	7499	0
6463	75	0
6464	750	0
6465	7500	2
6466	7501	0
6467	7502	1
6468	7503	0
6469	7504	0
6470	7505	1
6471	7506	1
6472	7507	0
6473	7508	1
6474	7509	1
6475	751	1
6476	7510	0
6477	7511	1
6478	7512	0
6479	7513	1
6480	7514	1
6481	7515	0
6482	7516	2
6483	7517	0
6484	7518	0
6485	7519	1
6486	752	0
6487	7520	1
6488	7521	0
6489	7522	1
6490	7523	0
6491	7524	1
6492	7525	0
6493	7526	1
6494	7527	0
6495	7528	1
6496	7529	0
6497	753	1
6498	7530	1
6499	7531	1
6500	7532	0
6501	7533	0
6502	7534	1
6503	7535	0
6504	7536	6
6505	7537	0
6506	7538	0
6507	7539	1
6508	754	1
6509	7540	0
6510	7541	0
6511	7542	0
6512	7543	1
6513	7544	1
6514	7545	0
6515	7546	0
6516	7547	1
6517	7548	1
6518	7549	0
6519	755	0
6520	7550	1
6521	7551	0
6522	7552	4
6523	7553	1
6524	7554	1
6525	7557	0
6526	756	0
6527	7561	1
6528	7562	0
6529	7563	1
6530	7564	0
6531	7565	0
6532	7566	0
6533	7567	2
6534	7568	4
6535	7569	0
6536	757	1
6537	7570	0
6538	7571	0
6539	7572	0
6540	7573	0
6541	7574	0
6542	7575	0
6543	7576	1
6544	7577	1
6545	7579	1
6546	758	4
6547	7580	1
6548	7581	0
6549	7583	1
6550	7584	0
6551	7585	1
6552	7586	0
6553	7587	5
6554	7588	3
6555	7589	3
6556	759	1
6557	7590	1
6558	7591	0
6559	7592	1
6560	7593	0
6561	7594	0
6562	7595	0
6563	7596	4
6564	7597	0
6565	7598	0
6566	7599	1
6567	76	2
6568	760	0
6569	7600	0
6570	7601	0
6571	7602	0
6572	7603	0
6573	7604	1
6574	7605	1
6575	7606	4
6576	7607	3
6577	7608	1
6578	7609	1
6579	761	0
6580	7610	0
6581	7611	0
6582	7612	3
6583	7613	0
6584	7614	4
6585	7615	5
6586	7616	0
6587	7617	1
6588	7618	4
6589	7619	1
6590	762	0
6591	7621	0
6592	7622	0
6593	7623	0
6594	7626	1
6595	7628	1
6596	7629	0
6597	763	0
6598	7630	1
6599	7631	1
6600	7632	0
6601	7633	1
6602	7634	0
6603	7635	1
6604	7636	6
6605	7637	1
6606	7638	1
6607	7639	1
6608	764	0
6609	7640	0
6610	7641	0
6611	7642	0
6612	7643	0
6613	7644	0
6614	7645	3
6615	7646	0
6616	7647	1
6617	7648	1
6618	7649	1
6619	765	0
6620	7650	1
6621	7651	1
6622	7652	2
6623	7653	0
6624	7654	0
6625	7655	1
6626	7656	1
6627	7657	0
6628	7658	0
6629	7659	3
6630	766	0
6631	7660	0
6632	7661	0
6633	7662	3
6634	7663	0
6635	7665	0
6636	7667	1
6637	7668	0
6638	7669	6
6639	7670	0
6640	7671	0
6641	7672	1
6642	7674	3
6643	7676	0
6644	7677	5
6645	7678	0
6646	7679	0
6647	768	0
6648	7680	1
6649	7681	5
6650	7682	0
6651	7683	1
6652	7684	0
6653	7685	1
6654	7686	1
6655	7687	1
6656	7688	0
6657	7689	3
6658	769	1
6659	7690	0
6660	7691	0
6661	7692	0
6662	7693	0
6663	7694	0
6664	7695	0
6665	7696	1
6666	7697	1
6667	7698	1
6668	7699	1
6669	77	1
6670	770	1
6671	7701	2
6672	7702	4
6673	7703	0
6674	7704	1
6675	7705	1
6676	7706	1
6677	7708	0
6678	7709	1
6679	771	0
6680	7710	0
6681	7711	1
6682	7712	1
6683	7713	1
6684	7714	1
6685	7715	1
6686	7716	0
6687	7717	0
6688	7718	1
6689	7719	0
6690	772	6
6691	7720	0
6692	7721	1
6693	7722	2
6694	7723	0
6695	7724	3
6696	7726	1
6697	7727	0
6698	7728	1
6699	7729	0
6700	773	1
6701	7730	1
6702	7731	1
6703	7732	0
6704	7733	1
6705	7736	6
6706	7737	1
6707	7738	0
6708	7739	0
6709	774	1
6710	7740	0
6711	7742	0
6712	7743	0
6713	7744	0
6714	7745	1
6715	7746	1
6716	7747	1
6717	7748	1
6718	7749	1
6719	775	0
6720	7750	0
6721	7751	0
6722	7752	1
6723	7754	1
6724	7755	0
6725	7756	0
6726	7757	1
6727	7758	1
6728	7759	0
6729	7760	3
6730	7761	0
6731	7762	1
6732	7764	0
6733	7765	6
6734	7766	0
6735	7767	6
6736	7768	2
6737	7769	1
6738	777	1
6739	7770	0
6740	7771	4
6741	7772	2
6742	7773	3
6743	7774	1
6744	7775	0
6745	7776	1
6746	7777	4
6747	7778	0
6748	7779	0
6749	7780	0
6750	7781	0
6751	7782	0
6752	7784	0
6753	7785	0
6754	7786	0
6755	7787	0
6756	7788	0
6757	7789	1
6758	779	0
6759	7791	3
6760	7792	0
6761	7793	3
6762	7794	4
6763	7795	1
6764	7796	0
6765	7797	1
6766	7798	0
6767	78	1
6768	780	6
6769	7800	0
6770	7801	0
6771	7802	1
6772	7803	0
6773	7804	5
6774	7805	0
6775	7806	1
6776	7807	1
6777	7809	0
6778	781	0
6779	7810	0
6780	7811	0
6781	7812	0
6782	7814	0
6783	7817	0
6784	7819	1
6785	782	1
6786	7820	0
6787	7821	0
6788	7822	1
6789	7823	0
6790	7824	0
6791	7825	0
6792	7826	1
6793	7827	1
6794	7829	0
6795	783	0
6796	7830	2
6797	7831	0
6798	7832	1
6799	7833	0
6800	7834	0
6801	7835	0
6802	7836	0
6803	7837	0
6804	7838	5
6805	7839	0
6806	784	0
6807	7840	1
6808	7841	0
6809	7842	1
6810	7843	0
6811	7844	0
6812	7845	1
6813	7846	0
6814	7848	1
6815	7849	2
6816	7850	0
6817	7851	2
6818	7852	0
6819	7853	1
6820	7854	0
6821	7855	1
6822	7856	0
6823	7857	0
6824	7858	0
6825	786	1
6826	7860	0
6827	7861	0
6828	7862	1
6829	7863	4
6830	7864	1
6831	7866	1
6832	7867	0
6833	7868	3
6834	7869	0
6835	787	0
6836	7870	1
6837	7871	1
6838	7873	1
6839	7874	0
6840	7875	0
6841	7876	1
6842	7877	0
6843	788	1
6844	7880	0
6845	7881	1
6846	7882	2
6847	7883	0
6848	7884	0
6849	7885	1
6850	7886	0
6851	7887	0
6852	7888	1
6853	7889	0
6854	789	1
6855	7890	0
6856	7891	1
6857	7892	0
6858	7893	1
6859	7894	0
6860	7895	3
6861	7896	1
6862	7897	2
6863	7899	0
6864	79	0
6865	790	1
6866	7900	0
6867	7901	1
6868	7902	0
6869	7903	0
6870	7904	0
6871	7905	0
6872	7906	0
6873	7907	1
6874	7909	5
6875	791	0
6876	7910	0
6877	7911	0
6878	7912	1
6879	7913	0
6880	7914	1
6881	7915	1
6882	7916	1
6883	7917	0
6884	7918	0
6885	7919	0
6886	792	0
6887	7920	5
6888	7921	0
6889	7922	0
6890	7923	0
6891	7924	0
6892	7925	1
6893	7926	0
6894	7927	0
6895	7928	1
6896	7929	1
6897	793	0
6898	7931	0
6899	7932	5
6900	7933	0
6901	7934	0
6902	7935	3
6903	7936	1
6904	7937	1
6905	7938	3
6906	7939	1
6907	794	1
6908	7940	6
6909	7942	0
6910	7943	1
6911	7944	0
6912	7945	0
6913	7946	0
6914	7947	0
6915	7949	0
6916	795	0
6917	7950	1
6918	7951	0
6919	7952	1
6920	7953	0
6921	7954	0
6922	7955	1
6923	7956	1
6924	7957	0
6925	7958	1
6926	7959	3
6927	796	1
6928	7960	4
6929	7961	1
6930	7962	1
6931	7963	5
6932	7964	1
6933	7965	0
6934	7967	0
6935	7968	0
6936	7969	0
6937	797	0
6938	7970	0
6939	7971	0
6940	7972	1
6941	7973	0
6942	7974	0
6943	7975	1
6944	7976	5
6945	7977	2
6946	7978	0
6947	7979	0
6948	7980	0
6949	7981	0
6950	7982	0
6951	7983	6
6952	7984	0
6953	7986	0
6954	7988	0
6955	7989	0
6956	799	1
6957	7990	0
6958	7991	0
6959	7992	0
6960	7993	1
6961	7994	1
6962	7995	0
6963	7996	1
6964	7997	1
6965	7998	1
6966	7999	5
6967	8	1
6968	80	5
6969	800	0
6970	8002	0
6971	8003	0
6972	8004	0
6973	8005	1
6974	8008	5
6975	8009	0
6976	801	0
6977	8010	2
6978	8012	0
6979	8013	2
6980	8014	0
6981	8015	0
6982	8016	1
6983	8017	3
6984	8018	3
6985	802	1
6986	8020	0
6987	8021	1
6988	8022	0
6989	8023	1
6990	8024	0
6991	8025	0
6992	8026	1
6993	8027	0
6994	8028	1
6995	8029	1
6996	803	1
6997	8030	2
6998	8031	1
6999	8032	0
7000	8033	0
7001	8034	0
7002	8035	1
7003	8037	1
7004	8038	0
7005	8039	0
7006	804	0
7007	8040	1
7008	8041	2
7009	8042	0
7010	8043	1
7011	8044	0
7012	8045	0
7013	8046	0
7014	8047	2
7015	8049	0
7016	805	1
7017	8050	1
7018	8051	1
7019	8052	1
7020	8053	0
7021	8054	0
7022	8055	0
7023	8057	1
7024	8058	0
7025	8059	0
7026	806	0
7027	8060	0
7028	8061	0
7029	8062	1
7030	8063	0
7031	8064	0
7032	8065	0
7033	8066	1
7034	8067	0
7035	8068	0
7036	8069	1
7037	807	1
7038	8070	1
7039	8071	0
7040	8072	0
7041	8073	0
7042	8074	0
7043	8075	0
7044	8076	1
7045	8077	0
7046	8078	0
7047	808	0
7048	8080	2
7049	8081	0
7050	8082	5
7051	8083	1
7052	8084	0
7053	8085	0
7054	8086	0
7055	8087	1
7056	8088	0
7057	8089	1
7058	809	1
7059	8092	2
7060	8093	1
7061	8094	0
7062	8095	0
7063	8096	0
7064	8097	0
7065	8098	1
7066	8099	0
7067	81	0
7068	810	1
7069	8100	0
7070	8101	1
7071	8102	1
7072	8103	1
7073	8104	0
7074	8105	0
7075	8106	3
7076	8107	1
7077	8108	1
7078	8109	0
7079	811	3
7080	8110	0
7081	8111	1
7082	8112	1
7083	8113	0
7084	8114	1
7085	8115	0
7086	8116	0
7087	8117	0
7088	8118	0
7089	8119	0
7090	812	3
7091	8121	1
7092	8123	0
7093	8124	0
7094	8126	0
7095	8129	1
7096	813	1
7097	8130	0
7098	8131	0
7099	8132	0
7100	8133	0
7101	8134	1
7102	8136	0
7103	8137	4
7104	8138	5
7105	8139	1
7106	8140	1
7107	8141	0
7108	8142	1
7109	8143	0
7110	8144	0
7111	8145	2
7112	8146	0
7113	8147	0
7114	8148	1
7115	815	6
7116	8150	0
7117	8151	0
7118	8152	0
7119	8153	1
7120	8155	1
7121	8156	0
7122	8157	0
7123	8158	0
7124	8159	0
7125	816	0
7126	8160	3
7127	8161	2
7128	8162	0
7129	8163	0
7130	8164	0
7131	8166	1
7132	8167	0
7133	8168	1
7134	8169	0
7135	817	0
7136	8170	0
7137	8171	0
7138	8172	1
7139	8173	4
7140	8174	0
7141	8175	3
7142	8176	0
7143	8178	1
7144	8179	1
7145	818	0
7146	8180	1
7147	8183	0
7148	8184	0
7149	8185	0
7150	8186	0
7151	8187	1
7152	8188	0
7153	8189	0
7154	819	1
7155	8190	0
7156	8191	1
7157	8192	0
7158	8193	0
7159	8194	0
7160	8195	0
7161	8197	0
7162	8198	0
7163	8199	0
7164	82	0
7165	820	0
7166	8200	0
7167	8201	1
7168	8202	1
7169	8203	0
7170	8204	2
7171	8205	4
7172	8206	0
7173	8207	0
7174	8208	0
7175	8209	0
7176	821	0
7177	8210	0
7178	8211	0
7179	8212	0
7180	8213	0
7181	8214	3
7182	8215	1
7183	8216	0
7184	8217	1
7185	8218	1
7186	8219	1
7187	822	0
7188	8220	2
7189	8221	0
7190	8222	0
7191	8223	0
7192	8224	5
7193	8225	0
7194	8226	1
7195	8227	1
7196	8228	1
7197	8229	0
7198	823	0
7199	8230	0
7200	8231	0
7201	8232	0
7202	8233	0
7203	8234	4
7204	8235	1
7205	8236	0
7206	8237	0
7207	8238	0
7208	8239	0
7209	824	0
7210	8240	0
7211	8241	1
7212	8244	0
7213	8246	0
7214	8247	1
7215	8248	1
7216	8249	3
7217	8251	0
7218	8252	0
7219	8253	1
7220	8254	1
7221	8255	0
7222	8256	0
7223	8257	6
7224	8258	0
7225	8259	0
7226	826	0
7227	8260	3
7228	8261	1
7229	8262	0
7230	8263	0
7231	8264	1
7232	8265	0
7233	8266	1
7234	8267	2
7235	8268	1
7236	8269	0
7237	827	0
7238	8270	1
7239	8271	1
7240	8272	1
7241	8273	1
7242	8274	1
7243	8275	1
7244	8276	0
7245	8277	0
7246	8278	0
7247	8279	1
7248	828	0
7249	8280	0
7250	8281	1
7251	8282	0
7252	8283	0
7253	8284	0
7254	8285	1
7255	8286	1
7256	8287	0
7257	8288	1
7258	8289	1
7259	8290	0
7260	8291	1
7261	8292	0
7262	8293	1
7263	8294	0
7264	8295	5
7265	8296	0
7266	8297	1
7267	8298	1
7268	8299	1
7269	83	0
7270	830	1
7271	8300	0
7272	8301	0
7273	8302	0
7274	8303	0
7275	8304	1
7276	8305	0
7277	8306	1
7278	8307	1
7279	8308	0
7280	8309	1
7281	831	2
7282	8310	1
7283	8311	1
7284	8312	1
7285	8313	0
7286	8314	6
7287	8315	1
7288	8316	0
7289	8317	1
7290	8318	0
7291	8319	0
7292	832	1
7293	8320	0
7294	8321	0
7295	8322	5
7296	8323	1
7297	8324	0
7298	8325	3
7299	8326	1
7300	8328	0
7301	8329	0
7302	833	0
7303	8330	0
7304	8331	0
7305	8332	0
7306	8333	0
7307	8334	0
7308	8335	0
7309	8336	0
7310	8337	0
7311	8338	1
7312	8339	0
7313	834	1
7314	8340	0
7315	8341	1
7316	8342	1
7317	8343	1
7318	8344	0
7319	8346	1
7320	8347	0
7321	8348	0
7322	8349	0
7323	8350	0
7324	8351	0
7325	8352	0
7326	8353	1
7327	8354	0
7328	8355	0
7329	8356	0
7330	8357	1
7331	8358	0
7332	8359	0
7333	836	3
7334	8360	0
7335	8361	4
7336	8362	1
7337	8363	0
7338	8364	1
7339	8365	1
7340	8366	1
7341	8367	0
7342	837	0
7343	8370	1
7344	8371	1
7345	8372	0
7346	8373	0
7347	8374	0
7348	8375	1
7349	8376	6
7350	8377	0
7351	8378	3
7352	8379	2
7353	838	0
7354	8380	1
7355	8382	1
7356	8383	0
7357	8384	2
7358	8385	0
7359	8387	1
7360	8388	1
7361	8389	6
7362	839	1
7363	8391	0
7364	8392	1
7365	8393	1
7366	8394	1
7367	8396	1
7368	8398	0
7369	8399	1
7370	84	0
7371	840	1
7372	8400	3
7373	8401	4
7374	8403	6
7375	8404	1
7376	8405	1
7377	8406	1
7378	8407	1
7379	8408	0
7380	8409	6
7381	841	1
7382	8410	6
7383	8411	0
7384	8412	0
7385	8414	0
7386	8415	1
7387	8416	0
7388	8417	0
7389	8418	2
7390	8419	0
7391	842	0
7392	8420	3
7393	8421	1
7394	8422	0
7395	8423	1
7396	8424	2
7397	8425	0
7398	8426	0
7399	8427	0
7400	8428	0
7401	8429	4
7402	843	0
7403	8430	6
7404	8431	0
7405	8432	0
7406	8433	2
7407	8434	0
7408	8435	0
7409	8436	0
7410	8437	5
7411	8438	0
7412	844	1
7413	8440	0
7414	8442	0
7415	8443	0
7416	8444	0
7417	8445	1
7418	8446	0
7419	8447	1
7420	8448	0
7421	8449	0
7422	845	1
7423	8450	0
7424	8451	0
7425	8452	0
7426	8453	1
7427	8454	0
7428	8455	0
7429	8458	1
7430	8459	0
7431	846	0
7432	8460	0
7433	8461	0
7434	8462	0
7435	8463	0
7436	8464	0
7437	8465	0
7438	8466	1
7439	8467	0
7440	8468	5
7441	8469	1
7442	847	0
7443	8470	1
7444	8471	0
7445	8472	0
7446	8473	0
7447	8474	1
7448	8476	5
7449	8477	2
7450	8478	0
7451	8479	1
7452	848	0
7453	8480	2
7454	8481	1
7455	8482	0
7456	8483	6
7457	8484	2
7458	8485	1
7459	8486	1
7460	8487	3
7461	8488	0
7462	8489	0
7463	849	0
7464	8490	1
7465	8492	0
7466	8493	0
7467	8494	1
7468	8495	0
7469	8498	1
7470	8499	0
7471	85	0
7472	8500	0
7473	8502	1
7474	8503	0
7475	8504	1
7476	8505	0
7477	8506	6
7478	8507	1
7479	8508	0
7480	8510	0
7481	8511	0
7482	8512	0
7483	8513	4
7484	8514	0
7485	8515	0
7486	8516	0
7487	8517	2
7488	8518	4
7489	8519	1
7490	852	4
7491	8520	0
7492	8521	3
7493	8522	0
7494	8523	0
7495	8524	1
7496	8525	0
7497	8527	1
7498	8528	0
7499	8529	1
7500	853	1
7501	8530	0
7502	8531	0
7503	8533	0
7504	8534	0
7505	8535	1
7506	8536	0
7507	8537	2
7508	8538	0
7509	8539	1
7510	854	0
7511	8540	0
7512	8541	5
7513	8542	1
7514	8543	0
7515	8544	0
7516	8545	1
7517	8546	1
7518	8547	0
7519	8548	1
7520	855	1
7521	8550	1
7522	8551	4
7523	8552	1
7524	8553	1
7525	8554	0
7526	8556	4
7527	8557	0
7528	8558	1
7529	8559	0
7530	856	1
7531	8560	2
7532	8561	0
7533	8562	0
7534	8563	0
7535	8564	5
7536	8565	1
7537	8566	0
7538	8567	0
7539	8568	2
7540	8569	3
7541	857	0
7542	8570	0
7543	8571	1
7544	8572	1
7545	8573	1
7546	8574	0
7547	8575	0
7548	8576	1
7549	8577	1
7550	8578	1
7551	8579	0
7552	858	1
7553	8580	1
7554	8581	0
7555	8582	1
7556	8583	0
7557	8584	0
7558	8585	1
7559	8587	0
7560	8588	0
7561	8589	0
7562	859	4
7563	8590	1
7564	8591	4
7565	8592	0
7566	8593	1
7567	8594	1
7568	8595	1
7569	8596	5
7570	8597	5
7571	8598	1
7572	86	1
7573	860	1
7574	8600	0
7575	8601	1
7576	8602	2
7577	8604	1
7578	8605	1
7579	8606	0
7580	8607	0
7581	8608	0
7582	8609	2
7583	861	0
7584	8610	1
7585	8611	0
7586	8614	1
7587	8615	1
7588	8616	0
7589	8617	0
7590	8619	0
7591	862	0
7592	8620	0
7593	8621	3
7594	8622	0
7595	8624	0
7596	8625	2
7597	8626	1
7598	8627	0
7599	8628	1
7600	8629	1
7601	863	0
7602	8630	1
7603	8631	0
7604	8632	1
7605	8633	0
7606	8634	0
7607	8635	6
7608	8636	1
7609	8637	0
7610	8638	4
7611	8639	3
7612	864	1
7613	8640	0
7614	8641	6
7615	8642	1
7616	8644	1
7617	8645	1
7618	8646	1
7619	8647	1
7620	8648	0
7621	8649	0
7622	865	0
7623	8650	0
7624	8651	0
7625	8652	1
7626	8653	0
7627	8654	1
7628	8656	0
7629	8657	1
7630	8658	1
7631	8659	1
7632	866	0
7633	8660	0
7634	8662	0
7635	8664	0
7636	8665	0
7637	8666	6
7638	8668	0
7639	8669	1
7640	867	1
7641	8670	0
7642	8671	1
7643	8672	1
7644	8673	4
7645	8674	4
7646	8675	2
7647	8676	0
7648	8678	1
7649	8679	1
7650	868	4
7651	8680	2
7652	8681	0
7653	8682	1
7654	8683	0
7655	8684	0
7656	8685	0
7657	8687	1
7658	8688	0
7659	8689	1
7660	869	6
7661	8690	0
7662	8691	0
7663	8692	2
7664	8693	0
7665	8694	0
7666	8695	1
7667	8696	1
7668	8697	0
7669	8699	1
7670	87	0
7671	870	0
7672	8700	0
7673	8701	0
7674	8703	0
7675	8704	0
7676	8705	0
7677	8707	0
7678	8708	0
7679	8709	1
7680	871	0
7681	8710	0
7682	8711	1
7683	8713	0
7684	8714	0
7685	8715	1
7686	8716	1
7687	8717	0
7688	8718	4
7689	8719	1
7690	872	0
7691	8720	1
7692	8721	1
7693	8722	0
7694	8723	1
7695	8724	0
7696	8725	1
7697	8726	5
7698	8727	0
7699	8729	6
7700	873	1
7701	8730	3
7702	8731	1
7703	8733	0
7704	8734	0
7705	8735	2
7706	8736	0
7707	8737	0
7708	8738	6
7709	8739	0
7710	874	0
7711	8740	0
7712	8742	1
7713	8743	1
7714	8744	0
7715	8745	1
7716	8746	2
7717	8747	1
7718	8748	0
7719	8749	1
7720	875	0
7721	8750	0
7722	8751	1
7723	8752	0
7724	8753	4
7725	8754	0
7726	8755	1
7727	8756	0
7728	876	0
7729	8760	0
7730	8761	0
7731	8762	0
7732	8764	0
7733	8765	0
7734	8766	1
7735	8767	1
7736	8768	0
7737	8769	0
7738	877	0
7739	8770	1
7740	8771	1
7741	8773	4
7742	8774	0
7743	8776	1
7744	8777	4
7745	8778	1
7746	8779	4
7747	878	0
7748	8781	0
7749	8782	0
7750	8783	1
7751	8784	1
7752	8785	0
7753	8786	0
7754	8789	1
7755	879	1
7756	8791	1
7757	8792	0
7758	8793	0
7759	8794	1
7760	8795	0
7761	8796	6
7762	8797	1
7763	8798	0
7764	8799	1
7765	88	0
7766	880	4
7767	8800	0
7768	8802	1
7769	8803	0
7770	8804	1
7771	8805	1
7772	8806	0
7773	8807	1
7774	8808	0
7775	8809	0
7776	8810	1
7777	8811	0
7778	8812	1
7779	8813	1
7780	8814	0
7781	8815	0
7782	8816	1
7783	8817	1
7784	8818	0
7785	8819	0
7786	882	0
7787	8820	0
7788	8821	0
7789	8822	0
7790	8823	0
7791	8824	1
7792	8825	1
7793	8826	0
7794	8827	1
7795	8829	2
7796	883	0
7797	8830	1
7798	8831	0
7799	8832	0
7800	8833	0
7801	8834	0
7802	8835	0
7803	8836	0
7804	8837	6
7805	8838	1
7806	8839	1
7807	884	0
7808	8840	1
7809	8841	0
7810	8842	1
7811	8843	0
7812	8844	2
7813	8845	1
7814	8846	0
7815	8847	1
7816	8848	0
7817	8849	0
7818	885	4
7819	8850	0
7820	8851	1
7821	8852	0
7822	8853	1
7823	8854	0
7824	8855	1
7825	8857	1
7826	8858	0
7827	8859	1
7828	886	0
7829	8861	0
7830	8862	1
7831	8863	0
7832	8864	0
7833	8865	0
7834	8867	0
7835	8868	1
7836	887	1
7837	8870	0
7838	8871	1
7839	8872	0
7840	8873	0
7841	8874	0
7842	8875	0
7843	8876	1
7844	8877	6
7845	8879	0
7846	888	1
7847	8880	0
7848	8881	0
7849	8883	1
7850	8884	1
7851	8885	0
7852	8886	5
7853	8887	0
7854	8888	4
7855	8889	0
7856	889	1
7857	8890	2
7858	8891	0
7859	8893	1
7860	8894	0
7861	8895	0
7862	8896	0
7863	8897	2
7864	8899	0
7865	89	0
7866	890	0
7867	8900	1
7868	8901	0
7869	8902	1
7870	8905	0
7871	8906	6
7872	8907	1
7873	8908	0
7874	8909	0
7875	891	0
7876	8910	0
7877	8912	0
7878	8914	0
7879	8915	0
7880	8916	5
7881	8918	0
7882	892	0
7883	8920	1
7884	8921	1
7885	8922	0
7886	8923	4
7887	8924	0
7888	8925	1
7889	8926	1
7890	8927	0
7891	8928	1
7892	8929	0
7893	8930	0
7894	8931	0
7895	8932	0
7896	8933	0
7897	8934	5
7898	8935	1
7899	8937	0
7900	8938	1
7901	8939	0
7902	894	0
7903	8940	3
7904	8941	0
7905	8944	1
7906	8945	0
7907	8946	1
7908	8947	1
7909	8948	0
7910	8949	0
7911	8951	1
7912	8952	3
7913	8953	1
7914	8954	0
7915	8955	0
7916	8956	1
7917	8957	5
7918	8958	1
7919	8959	1
7920	896	0
7921	8960	0
7922	8961	0
7923	8962	0
7924	8963	5
7925	8964	0
7926	8965	0
7927	8966	0
7928	8967	0
7929	8968	1
7930	8969	4
7931	897	1
7932	8970	1
7933	8971	1
7934	8972	0
7935	8973	0
7936	8974	0
7937	8975	1
7938	8976	0
7939	8977	0
7940	8978	0
7941	8979	1
7942	898	1
7943	8980	0
7944	8981	0
7945	8982	1
7946	8983	3
7947	8984	1
7948	899	0
7949	9	0
7950	90	1
7951	900	0
7952	901	0
7953	902	4
7954	906	1
7955	907	1
7956	908	0
7957	909	0
7958	91	1
7959	910	0
7960	911	0
7961	912	1
7962	913	1
7963	914	1
7964	915	0
7965	916	4
7966	917	0
7967	918	0
7968	919	0
7969	92	0
7970	920	0
7971	921	1
7972	922	1
7973	923	0
7974	924	0
7975	925	0
7976	926	1
7977	928	0
7978	929	3
7979	930	4
7980	931	0
7981	932	1
7982	933	0
7983	934	1
7984	936	1
7985	937	1
7986	938	3
7987	939	1
7988	94	0
7989	940	0
7990	941	0
7991	942	1
7992	943	0
7993	944	1
7994	945	1
7995	946	2
7996	947	0
7997	948	1
7998	949	0
7999	95	1
8000	950	1
8001	951	1
8002	952	0
8003	953	0
8004	954	0
8005	955	1
8006	956	0
8007	957	0
8008	958	0
8009	959	0
8010	96	0
8011	960	5
8012	961	4
8013	962	0
8014	963	0
8015	964	4
8016	965	1
8017	966	4
8018	967	1
8019	968	5
8020	969	3
8021	97	0
8022	970	0
8023	971	0
8024	972	0
8025	973	0
8026	975	5
8027	977	0
8028	978	0
8029	98	0
8030	981	0
8031	982	0
8032	983	0
8033	984	0
8034	985	1
8035	986	3
8036	987	0
8037	988	1
8038	989	0
8039	99	0
8040	990	2
8041	991	0
8042	992	0
8043	993	3
8044	994	0
8045	995	5
8046	996	2
8047	997	1
8048	998	1
8049	999	1
